id,x,y,cluster,titulo,dominio,document_id,chunk_index,data_publicacao,url
000010cb-87a0-5df2-9f3b-0043fa8e4abc,-0.002074,0.230013,6,"Médico mais jovem do mundo é Joshua Beckford, de 14 anos #boato",boatos.org,a8585a4448a95f45c7fc04bc0a7a56307af7456a,3,2020-09-12,https://www.boatos.org/mundo/medico-mais-jovem-mundo-joshua-beckford-14-anos.html
00013a92-a2aa-5249-939f-01e3b7695668,-0.210893,-0.164579,1,Moro afastou promotor de caso Flávio Bolsonaro e delegado de caso Marielle #boato,boatos.org,7d2fbf287e41aeda74b3a85a769dbab0a15dc2f8,8,2020-03-14,https://www.boatos.org/politica/moro-afastou-promotor-caso-flavio-bolsonaro-e-delegado-caso-marielle.html
0001685b-6611-591f-8488-f3c573fcd39f,-0.109073,-0.098848,3,Desmentimos 9 fake news envolvendo o coronavírus!,e-farsas.com,3f99a7c6e5aa6f075d54c17536be6319e6b6092b,8,2020-02-02,https://www.e-farsas.com/desmentimos-9-fake-news-envolvendo-o-coronavirus.html
000227bf-8073-5288-b3f0-ed2014337c67,-0.140718,0.072806,2,Detran divulga novas multas valendo a partir de hoje e regra que exige renovação da CNH em 30 dias #boato,boatos.org,2cfb5c6f6302f4d7b7248ba5a0a81198a0c741d0,11,2020-09-29,https://www.boatos.org/brasil/detran-divulga-novas-multas-valendo-hoje-regra-renovacao-cnh-30-dias.html
00025627-7a28-5237-82a1-f10da9bfc8ab,0.179952,0.087856,7,Ministra da Saúde de Ontário fingiu ter tomado uma vacina contra a gripe?,e-farsas.com,f31d53f1123afa814a234c51f7290c64becebe7b,9,2019-11-07,https://www.e-farsas.com/ministra-da-saude-de-ontario-fingiu-ter-tomado-uma-vacina-contra-a-gripe.html
0006354b-ed83-5d44-b2c2-d2487c017ac3,-0.137546,0.067242,2,É enganosa publicação que atribui à Shell óleo encontrado no Nordeste,noticias.uol.com.br,35da499d49b3cf3dfbb865f67a04dc8c831511be,10,2019-10-22,https://noticias.uol.com.br/comprova/ultimas-noticias/2019/10/22/e-enganosa-publicacao-que-atribui-a-shell-oleo-encontrado-no-nordeste.htm
00095185-fb36-506b-820f-569839d8a15a,-0.301911,-0.190768,1,FHC foi fundador do PT e oposição a Lula era apenas teatro #boato,boatos.org,5416602d676c25f70cdd29010075e12e30bd4a10,5,2021-05-24,https://www.boatos.org/politica/fhc-foi-fundador-pt-oposicao-lula-apenas-teatro.html
000bb01a-7406-53b0-8f86-a21ebacfc07b,0.126017,-0.144178,5,"Estes médicos não protestavam contra um “golpe” da COVID-19, mas defendiam os hospitais públicos na França",checamos.afp.com,2a3b7698e5a1bba52ae47262acbfc1128510c4d0,4,2024-04-17,https://checamos.afp.com//estes-medicos-nao-protestavam-contra-um-golpe-da-covid-19-mas-defendiam-os-hospitais-publicos-na
000c8617-8cd6-5649-999b-ed4d92ba4c48,-0.320604,-0.134775,3,Assessor do PT que ganhou na Mega-Sena comprou carro de luxo antes de resultado do sorteio #boato,boatos.org,ef31716fe6543576daabe441649f97d7294a8875,3,2019-09-20,https://www.boatos.org/politica/assessor-pt-mega-sena-carro-luxo-antes-sorteio.html
000e4e29-fff0-5b69-b1d1-0a5745411bd3,-0.070039,0.198453,6,O vídeo registra o salto recorde de um paraquedista de um balão na estratosfera em 2012,checamos.afp.com,8218ef1682486fc8180f76a6f8d61e3847016cac,1,2024-11-28,https://checamos.afp.com//o-video-registra-o-salto-recorde-de-um-paraquedista-de-um-balao-na-estratosfera-em-2012
000e673a-cdd5-5080-9f59-693e4fd5ae42,-0.170272,0.127705,2,É #FAKE foto que mostra Carlos Bolsonaro em frente a uma mesa cheia de celulares | G1,g1.globo.com,8babd9e8e6f4d8751b68d3d9891c01c14653080d,6,2020-05-29,https://g1.globo.com/fato-ou-fake/noticia/2020/05/29/e-fake-foto-que-mostra-carlos-bolsonaro-em-frente-a-uma-mesa-cheia-de-celulares.ghtml
000ef4b2-513e-5802-b37b-4abf0afa54b0,0.207845,-0.134700,5,Texto engana ao afirmar que autópsias na Itália teriam indicado que ‘problema principal não era o coronavírus’ : Projeto Comprova,projetocomprova.com.br,71c7c3de6d9da2b835b5f7430e5b6b4d99b248ea,38,2021-03-05,https://projetocomprova.com.br/publicações/texto-engana-ao-afirmar-que-autopsias-na-italia-teriam-indicado-que-problema-principal-nao-era-o-coronavirus/
0010bdd9-e706-566d-a6de-b75fef57cc0d,0.337673,-0.269310,0,Protocolo de uso da cloroquina não aumentou pacientes recuperados no Brasil,noticias.uol.com.br,f5cfc50e50256a1ff751a9fb9046c40c8423b76f,23,2020-06-08,https://noticias.uol.com.br/comprova/ultimas-noticias/2020/06/08/protocolo-de-uso-da-cloroquina-nao-aumentou-pacientes-recuperados-no-brasil.htm
00111e85-bcc9-5916-ac65-b188a40733b1,-0.185291,-0.024080,3,Rodrigo Constantino acabou de ser bloqueado por 7 dias no Facebook e publicou lista de comunistas #boato,boatos.org,9d474aa7517f49a69c6f6e7886484b9d049e5700,7,2020-07-04,https://www.boatos.org/politica/rodrigo-constantino-acabou-ser-bloqueado-7-dias-facebook-publicou-lista-comunistas.html
00121eb3-e650-5c53-9e36-c63defc400e4,0.280367,0.063822,7,O experimento com um kiwi não prova que testes de antígenos são inválidos,checamos.afp.com,e00dc0aefcd7c4bec3cd4c72f850bc2f7ece66fc,9,2024-04-17,https://checamos.afp.com//o-experimento-com-um-kiwi-nao-prova-que-testes-de-antigenos-sao-invalidos
00123fe1-63a4-5756-a81a-121b3a7c12ce,-0.217780,-0.135428,3,É enganoso que trecho de ferrovia em GO seja obra do governo Bolsonaro,noticias.uol.com.br,20c9ddfe87c61df230aa4e5914cba9f168ee890d,3,2020-12-09,https://noticias.uol.com.br/comprova/ultimas-noticias/2020/12/09/e-enganoso-que-trecho-de-ferrovia-em-go-seja-obra-do-governo-bolsonaro.htm
001275e6-e89a-50e9-b56e-b13476f2936d,0.277893,-0.024609,0,"Desinformação sobre as supostas medidas de Trump contra Bill Gates, 5G, vacinas e covid-19",checamos.afp.com,a61cb04a0ad090b25de0834efeeb19da48b8c046,33,2024-04-17,https://checamos.afp.com//desinformacao-sobre-supostas-medidas-de-trump-contra-bill-gates-5g-vacinas-e-covid-19
0012ed85-24ad-5113-915b-bb225eb74f6f,-0.217919,0.060083,2,"Bandidos se aproveitam de decisão do STF para empunhar metralhadoras em favela do Rio, mostra vídeo #boato",boatos.org,5c6978d5af614b14e87ba5b4c6541281566b2b09,12,2020-07-22,https://www.boatos.org/entretenimento/bandidos-empunham-metralhadoras-em-favela-no-rj.html
00134109-ceb1-5c4a-b734-c9662ba00aaf,0.000754,0.284906,4,Dragão Azul (Glacus Atlantucus) é um dos animais mais venenosos do oceano #boato,boatos.org,a3179e21ab929e586ebef087eed7c370bf6ce2a9,6,2020-08-03,https://www.boatos.org/ciencia/dragao-azul-glacus-atlantucus-animais-mais-venenosos-oceano.html
0017c3e4-e949-5228-991f-6f62733980d8,0.124474,-0.014593,5,Estudo publicado por Damares não atribui suicídios de crianças a isolamento,noticias.uol.com.br,74af481fd62bb3b120c4db501d5bb55b12cc32ad,14,2021-07-22,https://noticias.uol.com.br/comprova/ultimas-noticias/2021/07/22/estudo-publicado-por-damares-nao-atribui-suicidios-de-criancas-a-isolamento.htm
00184dd5-27b2-593c-95d4-e71d7f8f71e8,-0.077606,0.167028,6,"Kwai libera cupons de bônus de R$ 150, R$ 250 e R$ 500 em site no WhatsApp #boato",boatos.org,652c50039c110b012d562c30fecb71254a2d5161,4,2021-04-28,https://www.boatos.org/tecnologia/kwai-libera-cupons-bonus-r-150-r-250-r-500-site-whatsapp.html
0018aae4-d76a-59f3-b006-f71520d8900d,0.268063,-0.038455,0,Peru suspendeu testes com a Coronavac após vacina causar paralisia nas pernas de voluntários #boato,boatos.org,eb0681d19de9486b6eb52b36d94695c40b3583de,5,2020-12-13,https://www.boatos.org/saude/peru-suspende-testes-coronavac-apos-vacina-causar-paralisia-pernas.html
0018ae57-d2dc-51bc-99fd-0ac51a456d54,-0.161269,-0.135586,1,Indulto de Natal libera 27 mil presos nas ruas a partir de hoje #boato,boatos.org,fc7e58fbc3a059346ec2423e86ea4765927b9652,5,2019-12-21,https://www.boatos.org/brasil/indulto-natal-libera-27-mil-presos-hoje.html
0018f1c5-d6f8-53c1-87be-70121e0cd0a1,-0.119892,0.133609,2,Caminhoneiro cometeu suicídio devido a reforma da Previdência?,e-farsas.com,3744d2adc638625a8004fb05cdddaf23900446a0,21,2019-07-22,https://www.e-farsas.com/caminhoneiro-cometeu-suicidio-devido-a-reforma-da-previdencia.html
001df415-a426-5f54-a04d-816bfd1adb28,-0.071328,-0.078159,3,Adicional de periculosidade menor só valerá para jovens com seguro opcional,noticias.uol.com.br,01044fb03ef32cb2dba1a43b555919f5ede39dfa,1,2019-11-26,https://noticias.uol.com.br/comprova/ultimas-noticias/2019/11/26/adicional-de-periculosidade-menor-so-valera-para-jovens-com-seguro-opcional.htm
0020a044-6763-5e88-be43-d4d0a23c074b,0.385524,-0.138111,0,É #FAKE que Anvisa liberou Ivermectina e ainda ampliou sua dosagem para tratamento de Covid-19 | G1,g1.globo.com,c3bea059c3bba5b4e43ad82510b4682764bc8dfc,3,2021-04-07,https://g1.globo.com/fato-ou-fake/coronavirus/noticia/2021/04/07/e-fake-que-anvisa-liberou-ivermectina-e-ainda-ampliou-sua-dosagem-para-tratamento-de-covid-19.ghtml
002104aa-338a-5d1f-be35-c3a1c2ff13d0,-0.087382,0.213235,4,O Boticário está dando perfume grátis de Dia dos Namorados em site no WhatsApp #boato,boatos.org,0c9c9c17edee91bde5cb7ec9cc0c7362d0861ac4,4,2020-05-28,https://www.boatos.org/tecnologia/o-boticario-perfume-gratis-dia-dos-namorados-site-whatsapp.html
00219cfd-d327-5726-b072-b87ea34bc474,-0.248695,0.104611,2,Ratinho expulsa Xuxa Meneghel da plateia de seu programa no SBT #boato,boatos.org,887af3878f78ec2279b82ad214aa611aa9e857e4,9,2019-12-16,https://www.boatos.org/entretenimento/ratinho-expulsa-xuxa-da-plateia-do-programa-no-sbt.html
00233682-841b-5903-9566-9e51c01099e7,0.320328,-0.024541,0,O banco de dados dos EUA não registra necessariamente mortes por vacinas anticovid,checamos.afp.com,988252da2d6bc3b611d65e46fd5e2fc1711442f8,2,2024-04-17,https://checamos.afp.com//o-banco-de-dados-dos-eua-nao-registra-necessariamente-mortes-por-vacinas-anticovid
0023eb98-62eb-585c-b27e-bc15c575f6ef,0.433094,-0.100614,0,Estudo da Henry Ford Health System não prova eficácia da cloroquina,noticias.uol.com.br,2717475f744942946c7df2224432064066a69610,5,2020-07-23,https://noticias.uol.com.br/comprova/ultimas-noticias/2020/07/23/estudo-da-henry-ford-health-system-nao-prova-eficacia-da-cloroquina.htm
0024f62d-d62e-596d-b792-3be142d29f1b,0.371493,-0.137031,0,Post engana ao dizer que Brasil vacinou 11% da população antes da Alemanha,noticias.uol.com.br,08f56aa8a13b493cfbb141e864cf817055c762a2,13,2021-06-11,https://noticias.uol.com.br/comprova/ultimas-noticias/2021/06/11/post-engana-ao-dizer-que-brasil-vacinou-11-da-populacao-antes-da-alemanha.htm
00254193-1af5-584b-bb8d-cb375069ca5b,0.152287,-0.143370,5,É #FAKE que Doria disse que não vai permitir que os que não tomarem a CoronaVac passem a doença para os que tomarem | G1,g1.globo.com,039d4478290bb2cf958964913d71b7a3e869d414,5,2020-10-20,https://g1.globo.com/fato-ou-fake/coronavirus/noticia/2020/10/20/e-fake-que-doria-disse-que-nao-vai-permitir-que-os-que-nao-tomarem-a-coronavac-passem-a-doenca-para-os-que-tomarem.ghtml
00299c0e-263b-513e-8b9a-28e407d3c29a,0.324362,-0.169744,0,OMS não se desculpou por reviravoltas com hidroxicloroquina,noticias.uol.com.br,e2f805169726ebc706726b89c2cdf7195d3ef87b,20,2020-06-12,https://noticias.uol.com.br/comprova/ultimas-noticias/2020/06/12/oms-nao-se-desculpou-por-reviravoltas-com-hidroxicloroquina.htm
002a4e87-7944-5dc2-8fad-c011ce4b7f47,0.120254,-0.132866,5,Médico tira de contexto dados de estudo para sugerir que máscaras são ineficientes : Projeto Comprova,projetocomprova.com.br,0ed21b57ba9c085a1b88563ea4f068723303eea7,15,2020-10-20,https://projetocomprova.com.br/publicações/medico-tira-de-contexto-dados-de-estudo-para-sugerir-que-mascaras-sao-ineficientes/
0031b942-79ff-51ce-8442-a5a2ab52a978,0.148111,0.005931,7,"Hospitais Albert Einstein está com 700 pacientes com coronavírus, Sírio-Libanês com 1400 e devemos estocar comida #boato",boatos.org,132be6727734e902ef2a93135d5aad25d2c799be,10,2020-03-19,https://www.boatos.org/saude/hospitais-albert-einstein-sirio-libanes-lotados-coronavirus.html
00352828-045a-5786-8aa6-35363377ea90,-0.235271,-0.281042,1,Veja o que é #FATO ou #FAKE nas declarações dos candidatos à Prefeitura de SP na 6ª semana de campanha | G1,g1.globo.com,a96fede9566331853e6a7cb168d51796b1ea4c48,61,2020-11-07,https://g1.globo.com/fato-ou-fake/noticia/2020/11/07/veja-o-que-e-fato-ou-fake-nas-declaracoes-dos-candidatos-a-prefeitura-de-sp-na-6a-semana-de-campanha.ghtml
0038acd6-7cc2-5001-849f-0ff7ef215bf1,-0.264611,-0.068262,3,Luciano Hang diz que quem não votou em Bolsonaro deixa produtos da Havan com mau cheiro #boato,boatos.org,57c9d6453e55cf71590230c2b74e9422e28a2ce6,0,2019-11-26,https://www.boatos.org/politica/luciano-hang-quem-nao-votou-bolsonaro-deixa-produtos-mau-cheiro.html
0039a7ff-3914-5b98-b0f1-a909e298ea95,-0.068477,0.269093,4,"A verdade sobre a ""fábula"" das formigas vermelhas e pretas que viralizou nas redes sociais!",e-farsas.com,e4265b1a5e27573504bcf82af5e37d7a04c9f41b,21,2020-10-05,https://www.e-farsas.com/a-verdade-sobre-a-fabula-das-formigas-vermelhas-e-pretas-que-viralizou-nas-redes-sociais.html
003a5361-20e2-5557-a5e9-9166eee2e3ad,-0.179035,-0.225682,1,Analisamos as 15 tarefas cumpridas e anunciadas pelo Governo Bolsonaro!,e-farsas.com,1ebb4f14353280a8c1666aee6692dada04790d51,12,2019-09-17,https://www.e-farsas.com/analisamos-as-15-tarefas-cumpridas-e-anunciadas-pelo-governo-bolsonaro.html
003a9101-7ddd-5afa-8454-a497c36dd1d2,-0.011537,0.184298,6,Este manifestante não fingiu machucar a cabeça em protesto por morte de George Floyd,checamos.afp.com,72e5380ed0cd0c13c8cc9332e2dba43b682e9523,8,2024-11-28,https://checamos.afp.com//este-manifestante-nao-fingiu-machucar-cabeca-em-protesto-por-morte-de-george-floyd
003b28a2-f1c8-50c9-8464-4a067fcad036,-0.169412,-0.232751,1,Voto impresso já vale no Brasil desde 2002 e está previsto na Lei 10.408/2002 #boato,boatos.org,6e3977d1eebf2a56f1730666b7627f7b0826e245,10,2021-07-10,https://www.boatos.org/politica/voto-impresso-lei-10408-2002-ja-vale.html
0040382e-ed28-5dd7-8d80-142fc914b39b,0.300902,0.112446,7,O laboratório de Wuhan pertence ao governo chinês e a Glaxo não é proprietária da Pfizer,checamos.afp.com,75c77798eb952ba4e34ad4a334208b623242ee74,4,2024-11-29,https://checamos.afp.com//o-laboratorio-de-wuhan-pertence-ao-governo-chines-e-glaxo-nao-e-proprietaria-da-pfizer
0040f366-3bcc-52e5-b134-b891bfcc893f,0.436566,0.001622,0,"Vacinas são eficazes contra variante delta, ao contrário do que diz médico : Projeto Comprova",projetocomprova.com.br,9317ac280928af958e12c81ed853c78a9c0c2570,7,2021-09-01,https://projetocomprova.com.br/publicações/vacinas-sao-eficazes-contra-variante-delta-ao-contrario-do-que-diz-medico/
004287c1-920f-548f-a6c5-4c9263ba1943,-0.223787,0.056199,2,Protógenes Queiroz teve que fugir para Suíça porque descobriu fraude do PT nas urnas eletrônicas #boato,boatos.org,885ad68dda06797cbfbcefbeb17812347b12f4d5,9,2021-08-02,https://www.boatos.org/brasil/protogenes-queiroz-fugir-suica-porque-descobriu-fraude-pt-urnas-eletronicas.html
0042cd6c-6223-5252-abc4-d2466dcffd33,-0.234302,0.217565,2,Menino autista está perdido no shopping RioMar e procura família #boato,boatos.org,9f91ed6ee38c6f56a6a6dc1371c62d872df7e123,5,2019-08-13,https://www.boatos.org/brasil/menino-autista-perdido-shopping-riomar.html
00439608-4acc-56a0-aa0c-529b012545a1,0.054501,0.168290,6,Maculopatia (câncer no olho) é causada por uso de telefone celular no escuro #boato,boatos.org,4556cfbcf6a428f8b9151a78ec60b4738712db67,2,2020-01-25,https://www.boatos.org/tecnologia/maculopatia-cancer-olho-causada-telefone-celular-escuro.html
004422e4-7f9d-5429-bfd2-06302b778912,0.237956,0.134788,7,Vídeo engana ao afirmar que vírus da covid-19 existe desde 2003 : Projeto Comprova,projetocomprova.com.br,acb298a4b3943771bce50d34f7cf72e80507e47a,15,2021-03-05,https://projetocomprova.com.br/publicações/video-engana-ao-afirmar-que-virus-da-covid-19-existe-desde-2003/
00448baa-7bf9-5c32-b651-cff724031f3a,-0.027137,0.105904,6,Agenda Globalista! Um editorial publicado pelo New York Times apoiou a extinção da raça humana?,e-farsas.com,0f8d64c9ac1ec06355d4d00c955c990aef4520d4,0,2019-01-12,https://www.e-farsas.com/agenda-globalista-um-editorial-publicado-pelo-new-york-times-apoiou-a-extincao-da-raca-humana.html
0046929e-6f52-5b7d-952e-ddb024e80e3e,-0.161611,0.067269,2,Homem que abusava de criança com auxílio da avó amanheceu morto em presídio no RS?,e-farsas.com,134f945706c8e7312815e1ffc797afb11e8a9040,3,2019-02-15,https://www.e-farsas.com/homem-que-abusava-de-crianca-com-auxilio-da-avo-amanheceu-morto-em-presidio-no-rs.html
00471f6c-f0d6-5757-9912-7c9ceb83e81e,0.361474,0.004921,0,"Estudos comprovaram que a irisina ""blinda"" o corpo contra a COVID-19 e que é seguro voltar às academias?",e-farsas.com,0a8a96f00100b31ae10897a3754a80c7811691b2,25,2020-08-21,https://www.e-farsas.com/estudos-comprovaram-que-a-irisina-blinda-o-corpo-contra-a-covid-19-e-que-e-seguro-voltar-as-academias.html
00473286-028d-5243-9208-4d7eaec9558b,0.202078,0.152710,7,Pequim e Xangai não têm casos de coronavírus porque China criou uma arma biológica #boato,boatos.org,fd4acb4adfa4162585eb1b6dc035f9854e5f0ea7,5,2020-04-02,https://www.boatos.org/mundo/pequim-xangai-nao-tem-casos-coronavirus-china-criou-arma-biologica.html
0047c59c-f562-51ff-8db3-dda5f2c2249b,-0.226633,-0.053719,3,Petróleo para 80 anos de consumo é achado em Mato Grosso no governo Bolsonaro #boato,boatos.org,f95954e2fbdf05daae42e75eb83cd2321f75f9dc,1,2019-07-15,https://www.boatos.org/brasil/petroleo-encontrado-mato-grosso-bolsonaro.html
00487a7c-bc69-583e-a17d-e9ad42805f25,0.339539,-0.008563,0,É #FAKE que pessoas assintomáticas podem passar anticorpos para outras pessoas e torná-las imunes ao novo coronavírus | G1,g1.globo.com,1fefe8f163e864f50c706dcb4c8b2b0ba89bb8b1,4,2020-07-22,https://g1.globo.com/fato-ou-fake/noticia/2020/07/22/e-fake-que-pessoas-assintomaticas-podem-passar-anticorpos-para-outras-pessoas-e-torna-las-imunes-ao-novo-coronavirus.ghtml
0049d743-15bf-50f7-b6a1-97e1a8174fc9,0.199687,0.233856,7,É #FAKE que vídeo mostre reportagem sobre idosa morta após vacina contra a Covid-19 | G1,g1.globo.com,1f495cb98bd7258ed495d0c4770891f236f8912c,0,2021-02-05,https://g1.globo.com/fato-ou-fake/coronavirus/noticia/2021/02/05/e-fake-que-video-mostre-reportagem-sobre-idosa-morta-apos-vacina-contra-a-covid-19.ghtml
004b3410-6645-57d6-9a6f-62ff5959c31b,-0.187166,0.021025,2,Projeto prevê casamento entre pais e filhos e será votado em 21 de agosto #boato,boatos.org,7e696a01d597a0c10a9647665f22d1c3a851375e,14,2021-08-11,https://www.boatos.org/politica/projeto-preve-casamento-pais-filhos-sera-votado-21-de-agosto.html
004e7c0f-430e-5b88-b00e-b02226ed51fd,-0.026652,0.193475,6,Luís Ernesto Lacombe escreveu texto “Estamos aprendendo: Covid-19 um vírus muito louco” #boato,boatos.org,186ff1728464d56e126c8c23e484802688a15af8,8,2020-08-14,https://www.boatos.org/entretenimento/luis-ernesto-lacombe-texto-estamos-aprendendo-covid-19-virus-muito-louco.html
004f2f96-6327-5d35-96b0-8a369ae319e5,-0.033808,0.047515,6,Sargento da Guarda Bolivariana atira em coronel e desobedece Maduro na Venezuela #boato,boatos.org,8e1fc5f0ff6be0f7aa0058fef29df352a8ddbb35,0,2020-12-11,https://www.boatos.org/mundo/sargento-guarda-bolivariana-atira-coronel-desobedece-maduro-venezuela.html
004f39c9-da14-5558-bb2d-d6355dc5565b,-0.182961,-0.060651,3,Será verdade que Jeanine Añez declarou ter traços arianos e nórdicos?,e-farsas.com,6df7bb2227641c5f17e4ed540c463c5db48269e7,6,2019-11-17,https://www.e-farsas.com/sera-verdade-que-jeanine-anez-declarou-ter-tracos-arianos-e-nordicos.html
004f4642-f529-503e-9adc-8a8aabfadb63,-0.184900,-0.083225,3,Mourão convoca povo para manifestações de 7 de setembro de 2021 #boato,boatos.org,bba8498d3feec71204b13f92611e05951925c1e8,0,2021-08-15,https://www.boatos.org/politica/mourao-convoca-povo-para-manifestacoes-7-setembro-de-2021-mostra-video.html
0050fe88-1e15-5cc5-b888-bfb25368a674,-0.135895,0.111319,2,Frase sobre libertação de escravos pertence a abolicionista Harriet Tubman?,e-farsas.com,cea2123733f9a0acfc769339174fc3f359fae4cc,9,2020-06-16,https://www.e-farsas.com/frase-sobre-libertacao-de-escravos-pertence-a-abolicionista-harriet-tubman.html
0051b240-1a6d-5249-8716-de61194179ba,-0.196477,0.182382,2,Fernando Pessoa escreveu texto que começa com “meus amigos são todos assim” #boato,boatos.org,33adf78ad9ca97d42cb894e949de7311e3a923c7,2,2020-07-26,https://www.boatos.org/entretenimento/fernando-pessoa-escreveu-texto-cmeus-amigos-sao-todos-assim.html
0051e8ed-fb64-51e0-9b4e-1f374aa7fd3a,-0.188162,-0.069137,3,Governo do Maranhão não aboliu a bandeira do Brasil,noticias.uol.com.br,ed1309002a121014ca335917c2615ce71d33840c,0,2019-07-10,https://noticias.uol.com.br/confere/ultimas-noticias/2019/07/10/governo-do-maranhao-nao-aboliu-a-bandeira-do-brasil.htm
00524dd5-0a46-5314-94c7-6f466cda40f6,-0.144028,0.275985,4,Vídeo de barco de apoiadores de Donald Trump pegando fogo é verdadeiro ou falso?,e-farsas.com,b49edd7c1346a84564cb95b55cc62781617f9226,23,2020-09-07,https://www.e-farsas.com/video-de-barco-de-apoiadores-de-donald-trump-pegando-fogo-e-verdadeiro-ou-falso.html
00525a78-9d6d-58cd-a8f7-f174918fed9b,0.104067,0.270440,6,Illuminatis infectaram máscaras da China com coronavírus para reduzir população mundial #boato,boatos.org,ce0b9ba843d8cbca0c98aef8f88e0c0217c87df5,0,2020-04-22,https://www.boatos.org/saude/illuminatis-infectaram-mascaras-china-coronavirus-reduzir-populacao.html
0052d63f-b0cf-5de1-bc0a-9a75efff7ee9,0.415358,-0.149046,0,Estudo da Henry Ford Health System é insuficiente para provar eficácia da cloroquina contra a covid-19 : Projeto Comprova,projetocomprova.com.br,a5b0392d8ffd142a788eef169b79d932198bee95,19,2021-03-05,https://projetocomprova.com.br/publicações/estudo-da-henry-ford-health-system-e-insuficiente-para-provar-eficacia-da-cloroquina-contra-a-covid-19/
00539b50-508d-5b2e-8793-5b0220c13a06,-0.022072,-0.241600,1,"Nove parlamentares apresentaram emenda para importar a Covaxin, Randolfe não está entre eles",checamos.afp.com,8972c86fad28e194cadab730e427adb05702b910,0,2024-04-17,https://checamos.afp.com//nove-parlamentares-apresentaram-emenda-para-importar-covaxin-randolfe-nao-esta-entre-eles
0053b528-ddff-5d42-8577-17140c7ff9c1,-0.179636,0.160530,2,Vazamento de óleo em Cantaura (Venezuela) chegou ao Atlântico e deixou Marinha em prontidão #boato,boatos.org,caa6ca1909c633b0ce563d61341d5a29cb536243,2,2019-10-31,https://www.boatos.org/mundo/vazamento-oleo-cantaura-venezuela-atlantico-marinha.html
0053efbe-2d71-5e7c-9a2e-65d36ac53ef1,-0.006126,0.201397,6,Influencer Lilian Melchert filmou um OVNI em São Paulo?,e-farsas.com,387f3876553848d3d6b63514923cde74f80ac5b1,10,2020-05-06,https://www.e-farsas.com/influencer-lilian-melchert-filmou-um-ovni-em-sao-paulo.html
005475e2-8846-55f3-b372-62150a50cc0a,0.039266,-0.040285,5,Documento “Da possível supernotificação de óbitos causados por Covid-19 no Brasil” é do TCU #boato,boatos.org,2dc538bf9703a36c6c049a5beb7b18192b216a9b,9,2021-06-08,https://www.boatos.org/saude/documento-da-possivel-supernotificacao-de-obitos-causados-por-covid-19-no-brasil-e-do-tcu.html
0055a5ae-ed9f-5a7e-90dc-c4b5dab14a5b,-0.318296,-0.076858,3,Marina Silva e marido são donos de madeira apreendida pelo Exército no Pará #boato,boatos.org,3a10513619e218be8309756df5de9a38290056e0,0,2020-10-08,https://www.boatos.org/politica/marina-silva-marido-donos-madeira-apreendida-exercito-para.html
00564ef2-55f9-52de-a51d-1868e73a94af,0.164002,0.126290,7,As afirmações falsas do doutor Petrella em um vídeo sobre a covid-19,checamos.afp.com,d637da2c228a0ffc3becf9921307bee2a8fd7475,0,2026-07-13,https://checamos.afp.com//afirmacoes-falsas-do-doutor-petrella-em-um-video-sobre-covid-19
00567932-0f46-5230-b210-031b3f618041,-0.257545,0.021048,3,É #FAKE que imagem mostre chefe da campanha de Joe Biden sendo preso por fraude eleitoral | G1,g1.globo.com,64d9a8da82eddb6754d35b844a7e5e67711a81dc,0,2020-11-25,https://g1.globo.com/fato-ou-fake/noticia/2020/11/25/e-fake-que-imagem-mostre-chefe-da-campanha-de-joe-biden-sendo-preso-por-fraude-eleitoral.ghtml
00573d27-c2aa-5230-af59-97cf2c827910,0.230386,-0.064623,0,"Postagem sugere motivação política para Anvisa recusar vacina Sputnik V, mas especialistas apontam critérios técnicos : Projeto Comprova",projetocomprova.com.br,49db8523880a3feb9bdbcb5988e0acbf48f279e8,21,2021-05-04,https://projetocomprova.com.br/publicações/postagem-sugere-motivacao-politica-para-anvisa-recusar-vacina-sputnik-v-mas-especialistas-apontam-criterios-tecnicos/
0057ab89-a03a-5b34-98b0-5e57b64540e3,-0.049170,-0.329313,1,Governo do Maranhão vem fornecendo kits com cloroquina para tratamento do COVID-19?,e-farsas.com,375e17e31820081a2afbd4664b900f30bafd442b,7,2020-05-19,https://www.e-farsas.com/governo-do-maranhao-vem-fornecendo-kits-com-cloroquina-para-tratamento-do-covid-19.html
00595787-6117-5851-9a22-8379fefe9e69,-0.151842,-0.246316,1,Veja o que é #FATO ou #FAKE nas declarações dos candidatos à Prefeitura de SP na 1ª semana de campanha do 2º turno | G1,g1.globo.com,322bccae81487058339dfbb8fbd106c979b373a3,48,2020-11-21,https://g1.globo.com/fato-ou-fake/noticia/2020/11/21/veja-o-que-e-fato-ou-fake-nas-declaracoes-dos-candidatos-a-prefeitura-de-sp-na-1a-semana-de-campanha-do-2o-turno.ghtml
005a6e94-04ba-541e-9164-56e382727528,0.351487,-0.146284,0,‘Tratamento precoce’ com hidroxicloroquina não evitou mortes em Porto Feliz : Projeto Comprova,projetocomprova.com.br,29d862d1ff45b42b783e98806fa8658078a5330e,13,2020-11-30,https://projetocomprova.com.br/publicações/tratamento-precoce-com-hidroxicloroquina-nao-evitou-mortes-em-porto-feliz/
005d48cb-6b9c-5c26-9483-c51cdc7027e6,0.304419,0.019197,0,Estudo descobriu que a pimenta-do-reino é eficaz contra o novo coronavírus?,e-farsas.com,7d7dffdf138e5177f40576f8c0538945949f96d8,13,2020-10-12,https://www.e-farsas.com/estudo-descobriu-que-a-pimenta-do-reino-e-eficaz-contra-o-novo-coronavirus.html
005f8cba-2da9-52aa-b64f-eacd8b831634,-0.152896,-0.170497,1,Vídeo não prova fraude em eleição de 2014,noticias.uol.com.br,9cb1635fec836cf69c0a7fd32e9e784be99aec37,26,2021-07-15,https://noticias.uol.com.br/comprova/ultimas-noticias/2021/07/15/video-nao-prova-fraude-em-eleicao-de-2014.htm
005fbe26-3784-59ed-a6a9-19cb8b0c17e6,-0.203591,-0.315361,1,Post atribui a Bolsonaro sucesso em segurança com dados fora de contexto,noticias.uol.com.br,17c0387330f3599f9c28141702fb72240cf2877b,27,2019-10-09,https://noticias.uol.com.br/comprova/ultimas-noticias/2019/10/09/post-atribui-a-bolsonaro-sucesso-em-seguranca-com-dados-fora-de-contexto.htm
006007a5-65dc-5c33-84b6-69c1eb95e5b0,0.072159,-0.253659,5,No início do carnaval de 2020 ainda não havia casos registrados de covid-19 no Brasil,checamos.afp.com,4849673511e360f41dc0547fa29d1029e92a4890,0,2024-04-17,https://checamos.afp.com//no-inicio-do-carnaval-de-2020-ainda-nao-havia-casos-registrados-de-covid-19-no-brasil
0060ec76-80a6-5c83-bf9f-0191dc9f8d19,0.343399,-0.088649,0,Médicos não provaram que uma vacina precisa de 10 anos de pesquisa para ser segura : Projeto Comprova,projetocomprova.com.br,99f74488a0cb11e83fa4cb5ebfb2190fceb174d0,10,2020-11-10,https://projetocomprova.com.br/publicações/medicos-nao-provaram-que-uma-vacina-precisa-de-10-anos-de-pesquisa-para-ser-segura/
006169cb-2055-5994-b144-8750e9686695,0.115151,0.106440,7,Este espectáculo na Torre Eiffel é de 2019 e não uma homenagem às vítimas do novo coronavírus,checamos.afp.com,0433282ba88c297105219fb2e70e28e6b04b37a8,4,2024-11-28,https://checamos.afp.com//este-espectaculo-na-torre-eiffel-e-de-2019-e-nao-uma-homenagem-vitimas-do-novo-coronavirus
0064e514-67e6-5859-b74e-aa263b94c1c6,-0.264559,0.183542,2,Carteiro ladrão é procurado por assaltar pessoas; Compartilhe foto #boato,boatos.org,7e9fd199d91f7671ea5486fdb90fd6789ddbef42,2,2019-02-19,https://www.boatos.org/brasil/carteiro-ladrao-procurado-por-assaltar.html
0066ce81-16da-5c3d-a506-12bb54de680d,0.155983,0.065797,7,"Pandemia não é fraude nem crime contra a humanidade, como diz vídeo",noticias.uol.com.br,3b65f574e21b862272c0c10afc68b1e9da799a14,11,2020-10-27,https://noticias.uol.com.br/comprova/ultimas-noticias/2020/10/27/pandemia-nao-e-crime-contra-a-humanidade-conforme-indica-video.htm
006744cb-db80-5d99-80d9-4af9d82f4b5a,0.313387,0.014058,0,Mensagem tira de contexto dados sobre sintomas adversos da vacina Pfizer : Projeto Comprova,projetocomprova.com.br,0089a8e4eaf7e3ff2bef093fe97acc06beb4df02,4,2020-12-28,https://projetocomprova.com.br/publicações/mensagem-tira-de-contexto-dados-sobre-sintomas-adversos-da-vacina-pfizer/
0067a9e1-daaa-5475-b4e8-ce6ef844fce8,-0.225523,-0.012787,3,Barroso está sendo chantageado por José Dirceu por causa de João de Deus #boato,boatos.org,bbfaf1140d4733e1840b37078410d06760296efb,9,2021-07-05,https://www.boatos.org/politica/barroso-esta-sendo-chantageado-jose-dirceu-por-causa-joao-de-deus.html
00689305-734e-5285-8c89-e84ceeb15156,0.309351,-0.056929,0,Verificações da AFP em português sobre o novo coronavírus,checamos.afp.com,4434db9220a349e792d9dd95d6580c5f54432dce,182,2024-04-17,https://checamos.afp.com//verificacoes-da-afp-em-portugues-sobre-o-novo-coronavirus
00692430-2722-5d37-9db8-5786709b7ed7,0.127979,-0.119953,5,"É #FAKE que operação da PF fez cidade do Rio de Janeiro excluir 1,1 mil mortes por Covid-19 da estatística oficial | G1",g1.globo.com,23d2789f3d59dd854c2247464e5a3df2ff241427,8,2020-05-29,https://g1.globo.com/fato-ou-fake/coronavirus/noticia/2020/05/29/e-fake-que-operacao-da-pf-fez-cidade-do-rio-de-janeiro-excluir-11-mil-mortes-por-covid-19-da-estatistica-oficial.ghtml
006a5b4d-e17e-574e-a0fb-bfd6a954e75b,-0.133920,0.263385,4,Casal de caçadores é atacado por leão após posar para foto com animal morto #boato,boatos.org,4e02b46ce7daa048a20412b2dea46dad0a7a727d,6,2019-08-07,https://www.boatos.org/mundo/casal-cacadores-atacado-leao.html
006b2b23-de3f-5e3d-9de8-58737d7aac32,-0.307187,-0.305861,1,Veja o que é #FATO ou #FAKE nas declarações dos candidatos à Prefeitura do Rio na 5ª semana de campanha | G1,g1.globo.com,21684defd2edc4cc5ea4543c29db0cd940c018ae,7,2020-10-30,https://g1.globo.com/fato-ou-fake/noticia/2020/10/30/veja-o-que-e-fato-ou-fake-nas-declaracoes-dos-candidatos-a-prefeitura-do-rio-na-5a-semana-de-campanha.ghtml
006b6c98-da38-5bbf-b302-a46fbc52fc1b,-0.060959,0.029072,2,Álcool gel acarreta em multa e prisão após teste do bafômetro na blitz da lei seca #boato,boatos.org,720cc7e1d5e0104200358cd62653fdc1bc11ce54,5,2020-03-03,https://www.boatos.org/saude/alcool-gel-acarreta-multa-prisao-teste-bafometro-lei-seca.html
006c9f1c-3f75-5038-9d68-90274b1b66a6,-0.001902,0.147122,6,Dia da Mentira: seis boatos checados pelo Fato ou Fake que continuam a circular nas redes | G1,g1.globo.com,490a0c5c3593e5770e5fc192717b18fba5741ec0,15,2019-04-01,https://g1.globo.com/fato-ou-fake/noticia/2019/04/01/dia-da-mentira-seis-boatos-checados-pelo-fato-ou-fake-que-continuam-a-circular-nas-redes.ghtml
006d326b-b247-5a20-9edd-09d98ce42d2e,-0.033534,0.184015,6,Método mostra como usar WhatsApp sem precisar de internet #boato,boatos.org,ba1ae129b6a6767bc3f636035ff8e854db5aaae8,5,2016-10-14,https://www.boatos.org/tecnologia/whatsapp-sem-precisar-de-internet.html
006fb504-3ba3-5fc5-b833-32820f175674,0.118912,0.093768,7,Vídeo de corpos no chão de um hospital é prova de um plano de extermínio e venda de órgãos! Será?,e-farsas.com,bd8ca65eb220410b9705e42929eb07a15002ef63,7,2021-01-28,https://www.e-farsas.com/video-de-corpos-no-chao-de-um-hospital-e-prova-de-um-plano-de-exterminio-e-venda-de-orgaos-sera.html
0070e508-21da-5efc-bbeb-f3545d029d81,-0.078622,-0.056425,3,Vídeo de homem implorando por banho de mar foi gravado um dia depois do anúncio de reabertura da orla : Projeto Comprova,projetocomprova.com.br,5b05bacc1024838bcc566b903424e7b77d140621,1,2021-03-05,https://projetocomprova.com.br/publicações/video-de-homem-implorando-por-banho-de-mar-foi-gravado-um-dia-depois-do-anuncio-de-reabertura-da-orla/
0072d9ef-588c-586e-9238-3ddbc879dd54,0.252672,-0.036798,0,Vídeo usa informações falsas para dizer que lockdown foi inútil e pico de covid-19 ficou para trás : Projeto Comprova,projetocomprova.com.br,825a627511092a50c66f638bf489bc889d866985,42,2021-03-05,https://projetocomprova.com.br/publicações/video-usa-informacoes-falsas-para-dizer-que-lockdown-foi-inutil-e-pico-de-covid-19-ficou-para-tras/
00733e96-5ca5-52f6-921d-5417bd49d41d,-0.194992,-0.111188,3,A denúncia de policiais sobre suposto problema nas urnas é de 2018 mas foi considerada infundada,checamos.afp.com,e651c1e567cbf4e25f7b3803c04b1d01bebc8792,2,2024-04-17,https://checamos.afp.com//denuncia-de-policiais-sobre-suposto-problema-nas-urnas-e-de-2018-mas-foi-considerada-infundada
0073d2ba-4519-5628-8a2f-5dca42012280,0.236331,0.080128,7,Uso correto de máscaras reduz chances de contaminação pelo coronavírus e não torna o sangue ácido : Projeto Comprova,projetocomprova.com.br,a51cc50847842050d2c4cd0ca389b5a111d30cc0,16,2021-03-05,https://projetocomprova.com.br/publicações/uso-correto-de-mascaras-reduz-chances-de-contaminacao-pelo-coronavirus-e-nao-torna-o-sangue-acido/
00750249-b126-5b21-bc00-33e02e2c74a2,-0.164060,0.003166,3,Foto de uma menina usando máscara e segurando um coala é verdadeira ou falsa?,e-farsas.com,4407ea8d05d987fe3746008e41663c70d365e490,11,2020-01-06,https://www.e-farsas.com/foto-de-uma-menina-usando-mascara-e-segurando-um-coala-e-verdadeira-ou-falsa.html
007638d2-1c6a-5ef3-b469-5c676d980de0,-0.185470,0.153019,2,O papa Francisco é um holograma?,e-farsas.com,1c4f25a2982cc35af08516cdb746670fc2cc60c3,1,2020-04-15,https://www.e-farsas.com/o-papa-francisco-e-um-holograma.html
00764470-e40e-555e-bcec-f7af45e0a7ef,-0.223330,-0.173462,1,"Conheça a verdade sobre a manifestante com o cartaz: ""Chega de universidade. Armas Sim!""",e-farsas.com,9ac0ff4662ac5cf1d8d479c73784af53d7f38b81,10,2019-05-27,https://www.e-farsas.com/conheca-a-verdade-sobre-a-manifestante-que-causou-polemica-nas-redes-sociais.html
007720ae-49ff-528e-aa3a-57e1a68a9bfd,0.243416,0.049383,7,Boato tira de contexto estudo com adolescentes nos EUA para atacar vacina da Pfizer : Projeto Comprova,projetocomprova.com.br,98fa076bf206b8d4952088ff56fa9ee83c793f4e,25,2021-08-06,https://projetocomprova.com.br/publicações/boato-tira-de-contexto-estudo-com-adolescentes-nos-eua-para-atacar-vacina-da-pfizer/
0077b3c0-b245-52cd-822b-2cefdf65306b,-0.072076,-0.316386,1,"Tuíte compara orçamento do STF para plano de saúde com arrecadação do Pátria Voluntária, mas omite dados : Projeto Comprova",projetocomprova.com.br,c8da74fd8e50ee47edc2cd7567d1282fd4736caa,9,2021-03-05,https://projetocomprova.com.br/publicações/tuite-compara-orcamento-do-stf-para-plano-de-saude-com-arrecadacao-do-patria-voluntaria-mas-omite-dados/
007c66c3-055b-501f-afcc-1956701101f5,-0.074840,-0.229598,1,Celso de Mello não se aposentou do STF por invalidez,noticias.uol.com.br,5909f843b0d40760ca2df10ed46b61d042b65140,5,2020-10-15,https://noticias.uol.com.br/confere/ultimas-noticias/2020/10/15/celso-de-mello-stf-nao-se-aposentou-por-invalidez.htm
007da133-78c9-5d6c-a158-7a574f80ccd4,-0.093651,0.192542,4,O papa Francisco cancelou a Bíblia e propôs um novo livro?,e-farsas.com,c50bc5754a54070466828745297ff3417e3be9f1,0,2020-02-27,https://www.e-farsas.com/o-papa-francisco-cancelou-a-biblia-e-propos-um-novo-livro.html
007f29f7-dee5-5b36-9737-7ecf599861fe,0.379478,-0.018621,0,Enfermeiro distorce dados para dizer que ivermectina evita mortes pela covid-19 : Projeto Comprova,projetocomprova.com.br,4156667c8add54c8e9543cf907c18bcbac69d177,10,2021-08-30,https://projetocomprova.com.br/publicações/enfermeiro-distorce-dados-para-dizer-que-ivermectina-evita-mortes-pela-covid-19/
007f3664-d3a6-51d8-803c-f271230b8dda,-0.357892,-0.049093,3,"Lula diz ""basta colocar arroz na mesa do nordestino que ele vota em você"" e que ""com R$ 10 compra um baiano"" #boato",boatos.org,cac6af6d32a3c38d512ef4eadbce368ccaec7469,6,2021-06-11,https://www.boatos.org/politica/lula-diz-basta-colocar-arroz-mesa-nordestino-ele-vota-com-r10-compra-baiano.html
008033f7-fd95-5c65-8fda-56b7b82f30bf,-0.094980,0.263968,4,"Aranha com rabo de cobra é encontrado por dona de casa, mostra foto #boato",boatos.org,7c39a400b086c33c435fc9ef45205ac13f7749e2,5,2020-07-20,https://www.boatos.org/ciencia/aranha-rabo-cobra-encontrado-dona-de-casa.html
008035ce-53d1-593f-9f20-6f4e1d6cc7e7,0.102016,-0.263575,5,Tuíte omite dados ao comparar plano de saúde do STF com Pátria Voluntária,noticias.uol.com.br,79939fd69058b641d965ccbc1cb8c2cc2a7236b5,25,2020-07-21,https://noticias.uol.com.br/comprova/ultimas-noticias/2020/07/21/tuite-omite-dados-ao-comparar-plano-de-saude-do-stf-com-patria-voluntaria.htm
008074a2-4716-5bb9-85ca-169d6677293d,0.235688,0.198661,7,É falso que irmãos morreram após se vacinarem contra a covid-19,noticias.uol.com.br,d8f72b9e9a2a423e33823573314da85c7100ca75,0,2020-09-17,https://noticias.uol.com.br/comprova/ultimas-noticias/2020/09/17/e-falso-que-irmaos-morreram-apos-se-vacinarem-contra-a-covid-19.htm
00825605-ba6d-5892-8151-b435aee4ff53,-0.064450,0.426728,4,"É falso que exista um boneco chamado ""Cidadão de Bem""",e-farsas.com,507eea7eda51f0f5bb8ee351f5fb0fbc7e98dc19,7,2020-12-06,https://www.e-farsas.com/e-falso-que-exista-um-boneco-chamado-cidadao-de-bem.html
008348dd-cd92-56ef-8abf-5dd1731ba808,-0.265096,0.094513,2,Prefeito instalou uma câmera para gravar fantasmas e flagrou traição da esposa?,e-farsas.com,e4735ecf2b0fafdd9c83d6d8a5fda89d5045de61,11,2020-01-15,https://www.e-farsas.com/prefeito-instalou-uma-camera-para-gravar-fantamas-e-flagrou-traicao-da-esposa.html
0083b8d8-b823-5e22-a642-c035f68e8459,0.379473,-0.093199,0,"Médico engana ao afirmar, em vídeo, que hidroxicloroquina é eficaz contra covid : Projeto Comprova",projetocomprova.com.br,cdc4dfaaf9ec1214db3f34218b82c05776ad6d6c,14,2021-05-27,https://projetocomprova.com.br/publicações/medico-engana-ao-afirmar-em-video-que-hidroxicloroquina-e-eficaz-contra-covid/
0083ba3d-13ca-504c-aa51-8dd62f8ed7dc,-0.201231,0.136207,2,É #FAKE que vídeo de mulher jogando lixo na rua foi gravado durante enxurrada no Rio | G1,g1.globo.com,e2cbd5c4ae9b9483748f2549ffd523309a919fba,0,2019-02-07,https://g1.globo.com/fato-ou-fake/noticia/2019/02/07/e-fake-que-video-de-mulher-jogando-lixo-na-rua-foi-gravado-durante-enxurrada-no-rio.ghtml
00847fd5-b412-562a-9ad0-2d163b7f7bf5,-0.327167,-0.229277,1,Veja o que é #FATO ou #FAKE nas declarações dos candidatos à Prefeitura do Rio na 2ª semana de campanha do 2º turno | G1,g1.globo.com,b3b07b9495c772cfeda7ecf6cac779761233d61c,10,2020-11-27,https://g1.globo.com/fato-ou-fake/noticia/2020/11/27/veja-o-que-e-fato-ou-fake-nas-declaracoes-dos-candidatos-a-prefeitura-do-rio-na-2a-semana-de-campanha-do-2o-turno.ghtml
00859241-b217-505e-8f73-2725590f49d2,0.051376,0.267198,6,Vírus Gambarelli e WhatsApp Gold são as mais novas ameaças a telefones #boato,boatos.org,db6275605fb15ec82ab4f76dc2ceaac3d0e26074,2,2019-09-15,https://www.boatos.org/tecnologia/virus-gambarelli-whatsapp-gold-ameacas-telefones.html
0085e9a2-bff5-5eb1-9d65-e228a33cc034,-0.036966,0.421113,4,"Uma estranha criatura espalhou o pânico na cidade de Ilhéus, na Bahia?",e-farsas.com,548fa161933012c547e42389e7b45c4ce79cf4c8,30,2020-09-09,https://www.e-farsas.com/uma-estranha-criatura-espalhou-o-panico-na-cidade-de-ilheus-na-bahia.html
00869e2e-6d9f-5a35-91a5-0ac16e2275d3,-0.068709,0.287639,4,Um vídeo mostra um garotinho se afogando sem ninguém fazer nada?,e-farsas.com,c918d57bfdf8e85a954b5a5d8199302c72f8ed5d,3,2019-05-07,https://www.e-farsas.com/um-video-mostra-um-garotinho-se-afogando-sem-ninguem-fazer-nada.html
00887b14-c93b-58f8-8863-62c5746b46bf,-0.017111,0.015454,6,Cedae alerta que ninguém deve consumir água da torneira ou de filtro #boato,boatos.org,814ec34bd8fe1a094981b96e0e94cd9fe92a6c99,7,2020-01-09,https://www.boatos.org/brasil/cedae-alerta-ninguem-consumir-agua-torneira-filtro.html
008aad45-bb67-593c-b9ff-fad2100e69fa,-0.252172,-0.027313,3,É #FAKE corrente que diz que Moro vendeu inquéritos da PF para Doria | G1,g1.globo.com,3872c09a0f740e3200f88db8feb49ec5e543ab5e,0,2020-05-26,https://g1.globo.com/fato-ou-fake/noticia/2020/05/26/e-fake-corrente-que-diz-que-moro-vendeu-inqueritos-da-pf-para-doria.ghtml
008c02bc-38cf-596f-beb1-eb7036a3e91b,-0.185860,0.010614,3,"Texto sobre a ""morte de uma geração"" pertence ao escritor Augusto Cury?",e-farsas.com,48852feb19390cc41138405a9722d6c65ec6e266,20,2020-10-28,https://www.e-farsas.com/texto-sobre-a-morte-de-uma-geracao-pertence-ao-escritor-augusto-cury.html
008de1c9-43a9-5ffe-8b64-aafe9aaedb71,-0.230431,0.017022,3,É #FAKE que vídeo mostre obras do Exército em MS durante o governo Bolsonaro | G1,g1.globo.com,48a5b864f606d81fbd987494c94c50e93a888e5c,1,2019-06-13,https://g1.globo.com/fato-ou-fake/noticia/2019/06/13/e-fake-que-video-mostre-obras-do-exercito-em-ms-durante-o-governo-bolsonaro.ghtml
008fd1e0-77be-5623-8aad-7490e33444e8,0.272613,0.114957,7,Vacinas contra Covid-19 contêm 80% a 90% de óxido de grafeno #boato,boatos.org,f89d6d63ab744703b094833b27f0e25b0ef98e11,7,2021-07-05,https://www.boatos.org/saude/vacinas-contra-covid-19-contem-80-90-oxido-de-grafeno.html
0090a862-997c-5e89-998c-f5dda41cb6c1,0.411594,-0.146928,0,Universidade de Oxford não encontrou 'fortes indícios' da eficácia da ivermectina contra a covid : Projeto Comprova,projetocomprova.com.br,cb5e7ce5c97bf48756900300d0f1a60721003c86,7,2021-06-26,https://projetocomprova.com.br/publicações/universidade-de-oxford-nao-encontrou-fortes-indicios-da-eficacia-da-ivermectina-contra-a-covid/
0091b235-2d39-5ef7-9581-885756ac9630,-0.331088,-0.092187,3,"Lula é recebido em Recife sob os gritos de “o ladrão chegou”, mostra vídeo #boato",boatos.org,ad631b7de883992df2034f1f0a9234c36ea9b065,0,2021-08-16,https://www.boatos.org/politica/lula-recebido-em-recife-sob-gritos-ladrao-chegou-video.html
00921040-c8f5-5a96-9b57-a8f60a5f3896,-0.180492,0.046413,2,Michigan teve 138 mil votos falsos para Biden e urnas com votos de Trump no lixo #boato,boatos.org,fdca8b28c5cd219879be4303db5b824837851446,2,2020-11-09,https://www.boatos.org/mundo/michigan-votos-falsos-biden-urnas-trump-lixo.html
0092428c-7adb-5c4d-9eb2-7e37d771180b,-0.204117,-0.003649,3,É #FAKE que foto de prédio pichado mostre imóvel dentro da USP | G1,g1.globo.com,d15df9f0ec1800739829ac052cbffc076fd0a6b6,1,2019-05-14,https://g1.globo.com/fato-ou-fake/noticia/2019/05/14/e-fake-que-foto-de-predio-pichado-mostre-imovel-dentro-da-usp.ghtml
0095a600-f107-530b-b64d-d6177df3f95d,-0.130464,-0.178066,1,"Além do Brasil, mais 15 países usam urnas eletrônicas; em Cuba, votações usam cédulas de papel",checamos.afp.com,c87cf978cd89e6c1ae545262c78cefdd2d612485,6,2024-04-17,https://checamos.afp.com//alem-do-brasil-mais-15-paises-usam-urnas-eletronicas-em-cuba-votacoes-usam-cedulas-de-papel
00986fa9-4d70-596d-b4bc-ec440a9c50d5,-0.084951,0.227669,4,"Uma ""aurora boreal"" apareceu nos céus na Indonésia após o tsunami de dezembro de 2018?",e-farsas.com,6ff0ac7a6642990502315bfd85595e990b92e482,18,2019-01-11,https://www.e-farsas.com/uma-aurora-boreal-apareceu-nos-ceus-na-indonesia-apos-o-tsunami-de-dezembro-de-2018.html
009b168c-7adf-5ec1-9f3b-d0a832be322c,0.150795,-0.172712,5,É #FAKE que Ministério da Saúde repassa R$ 12 mil a hospitais por cada morte por Covid-19 | G1,g1.globo.com,b4f629f08ae0970d755fe13333be25d84c4b35e4,2,2020-05-18,https://g1.globo.com/fato-ou-fake/coronavirus/noticia/2020/05/18/e-fake-que-ministerio-da-saude-repassa-r-12-mil-a-hospitais-por-cada-morte-por-covid-19.ghtml
009c1353-70d1-5d8a-9abc-a0a7f6c32141,0.203324,0.067726,7,A cabo do Exército argentino que faleceu não havia recebido a vacina russa contra a covid-19,checamos.afp.com,09ce19cbc7044418115e5fb706c2b5838338d4f0,1,2025-12-10,https://checamos.afp.com//cabo-do-exercito-argentino-que-faleceu-nao-havia-recebido-vacina-russa-contra-covid-19
009c3a39-8451-5e9c-bc5d-60fc45adac1c,-0.281966,0.080479,2,Vídeo erra ao dizer que escritório em endereço caro de Nova York é do MST,noticias.uol.com.br,e31db336da8753d08c76eaa10375606b77d0b6ad,1,2019-07-16,https://noticias.uol.com.br/confere/ultimas-noticias/2019/07/16/escritorio-de-nova-york-exibido-em-video-nao-e-do-mst.htm
009da89a-91f2-5e1c-b4d3-3c3862f02af9,-0.244663,-0.081667,3,É #FAKE que Gleisi Hoffmann foi agredida em carnaval fora de época em Fortaleza | G1,g1.globo.com,b0db5263b76cafa793a3356b8965f3c6f189ffc0,1,2019-07-29,https://g1.globo.com/fato-ou-fake/noticia/2019/07/29/e-fake-que-gleisi-hoffmann-foi-agredida-em-carnaval-fora-de-epoca-em-fortaleza.ghtml
009eb9d0-5862-5446-9e57-3b7cc0f64486,0.146640,0.070913,7,Tuíte engana ao afirmar que vacinas usam células de fetos abortados,noticias.uol.com.br,92e6dc625fdcb937d4ae38e8836bfb0ee23e7c5e,4,2020-07-24,https://noticias.uol.com.br/comprova/ultimas-noticias/2020/07/24/tuite-engana-ao-afirmar-que-vacinas-usam-celulas-de-fetos-abortados.htm
00a2205e-e544-5ac2-a267-7529b0160eff,-0.098221,0.318444,4,Suprema Corte convocou a Guarda Nacional para prender mesários em 12 Estados nos EUA?,e-farsas.com,c54aaa1d53ca73cb1e66ad9adb7bd8bf25ae3b96,15,2020-11-10,https://www.e-farsas.com/suprema-corte-convocou-a-guarda-nacional-para-prender-mesarios-em-12-estados-nos-eua.html
00a313bd-3535-545b-acaa-b76a7d0d7245,-0.094210,0.154387,2,"WhatsApp deu prejuízo de USD 1.978.456.045,00 em dois anos e será tirado do ar #boato",boatos.org,6bfb43bfc4f910862db68579920ac8614075f27b,0,2019-07-04,https://www.boatos.org/tecnologia/whatsapp-prejuizo-tirado-do-ar.html
00a3ae2f-839d-531c-b452-5de578a76871,-0.348433,-0.077681,3,O imóvel supostamente comprado por Lula ainda está à venda,checamos.afp.com,fc872d0899202e808792ae59a07e73c8c186c37e,3,2024-04-17,https://checamos.afp.com//o-imovel-supostamente-comprado-por-lula-ainda-esta-venda
00a4d65c-fe5e-5074-ae20-a8e72caa359e,-0.147311,0.195470,2,"Nikita Khrushchev disse ""os filhos de seus filhos viverão sob o comunismo"" há 60 anos #boato",boatos.org,a4405951c289080cb24b6df1f742594304d36557,15,2020-10-23,https://www.boatos.org/mundo/nikita-khrushchev-disse-filhos-de-seus-filhos-viverao-comunismo.html
00a58ebd-0db4-53ee-b7a5-d8f9b90839fb,0.043858,-0.162944,5,Imprensa boicota vacinação do Exército contra Covid-19 na Vila Militar #boato,boatos.org,77788c29af981fdd711a0c394c9cbf30de3febc1,7,2021-04-23,https://www.boatos.org/saude/imprensa-boicota-vacinacao-exercito-contra-covid-19-vila-militar.html
00a5a696-83e1-5be2-ae04-2c648237acdd,0.020946,0.120640,6,Coalas estão funcionalmente extintos devido aos incêndios na Austrália?,e-farsas.com,948b59afe567d2f9340130abd0b26a531dcc14b1,32,2019-12-01,https://www.e-farsas.com/coalas-estao-funcionalmente-extintos-devido-aos-incendios-na-australia.html
00a602c3-7c28-5142-822c-0965c36e2d45,0.287711,-0.016848,0,"Máscaras são eficientes no combate ao novo coronavírus, ao contrário do que diz influenciador : Projeto Comprova",projetocomprova.com.br,9df72b39c68860dc52c541b841270a60fa92b95e,1,2021-03-05,https://projetocomprova.com.br/publicações/mascaras-sao-eficientes-no-combate-ao-novo-coronavirus-ao-contrario-do-que-diz-influenciador/
00a623de-2880-5f46-a781-3a0d2652acb3,-0.294506,-0.224189,1,Veja o que é #FATO ou #FAKE nas falas dos candidatos à Prefeitura do Rio no debate da Globo | G1,g1.globo.com,1a7092c702c91abc6a4bf1d26794bc77665a3312,12,2020-11-28,https://g1.globo.com/fato-ou-fake/noticia/2020/11/28/veja-o-que-e-fato-ou-fake-nas-falas-dos-candidatos-a-prefeitura-do-rio-no-debate-da-globo.ghtml
00a7d408-59ac-53b7-8166-a895692648b4,0.427777,-0.162902,0,Estudo com hidroxicloroquina não comprova eficácia no 'tratamento precoce',noticias.uol.com.br,64feb07585bdbba6f4189fa779ca579e341e5e55,10,2021-06-16,https://noticias.uol.com.br/comprova/ultimas-noticias/2021/06/16/estudo-com-hidroxicloroquina-nao-comprova-eficacia-no-tratamento-precoce.htm
00a7d9d1-914f-517b-be2d-4a3baa2dfbc4,0.222331,0.110376,7,É enganoso que e-mail de Anthony Fauci mostrado no Fantástico prove origem do coronavírus em laboratório : Projeto Comprova,projetocomprova.com.br,057a5cae12e1bda0f9ad5042152e59ca4e7a33bc,14,2021-06-25,https://projetocomprova.com.br/publicações/e-enganoso-que-e-mail-de-anthony-fauci-mostrado-no-fantastico-prove-origem-do-coronavirus-em-laboratorio/
00a88429-ebf9-5b99-9708-6fe824560abf,0.326484,0.058009,0,"É impossível que vacina cause alterações genéticas, dizem especialistas : Projeto Comprova",projetocomprova.com.br,f1b44b3fb1d1461465389d633288781f1333ca81,6,2020-12-16,https://projetocomprova.com.br/publicações/e-impossivel-que-vacina-cause-alteracoes-geneticas-dizem-especialistas/
00a8ce44-f4bb-5165-bba9-fba1a67f2511,0.218860,0.120963,7,"Texto ""Esclarecimento para que população não seja enganada"" lista verdades sobre a Covid-19 #boato",boatos.org,7cb7dbca8f3cd99f22699c8a9ba221586264505f,0,2020-11-03,https://www.boatos.org/saude/texto-esclarecimento-populacao-nao-enganada-lista-verdades-covid-19.html
00aad40b-ccb1-5cf1-b129-03a549761394,0.301632,0.017964,0,Verificações da AFP em português sobre o novo coronavírus,checamos.afp.com,4434db9220a349e792d9dd95d6580c5f54432dce,76,2024-04-17,https://checamos.afp.com//verificacoes-da-afp-em-portugues-sobre-o-novo-coronavirus
00ab778e-f303-5bef-a280-99edae75bad1,0.141332,0.054919,7,Não existe nenhum processo contra a OMS por pulverizar um químico que causa pneumonia,checamos.afp.com,3291dec2fa6c53469a982f57f7c31bb69df4dbdc,5,2024-04-17,https://checamos.afp.com//nao-existe-nenhum-processo-contra-oms-por-pulverizar-um-quimico-que-causa-pneumonia
00b23602-c9b7-5448-abf4-77247aac1ca4,-0.171887,-0.293060,1,Veja o que é #FATO ou #FAKE nas declarações dos candidatos à Prefeitura de SP na 5ª semana de campanha | G1,g1.globo.com,08cd1f9b2eb9e276dc7c2b92fcc370af58522d1c,25,2020-10-31,https://g1.globo.com/fato-ou-fake/noticia/2020/10/31/veja-o-que-e-fato-ou-fake-nas-declaracoes-dos-candidatos-a-prefeitura-de-sp-na-5a-semana-de-campanha.ghtml
00b23922-a864-5581-8227-f62f2b8a42bb,-0.085886,-0.160915,1,Formulário que pede dados para receber benefício emergencial é falso : Projeto Comprova,projetocomprova.com.br,36df71c2dd14d924868a6d6d2876897ef2e5b2b0,9,2021-03-05,https://projetocomprova.com.br/publicações/formulario-que-pede-dados-para-receber-beneficio-emergencial-e-falso/
00b26b8d-6562-547a-b20e-bb4327d24c54,0.269610,0.007511,0,Tuíte engana ao afirmar que sol mata o coronavírus : Projeto Comprova,projetocomprova.com.br,bbf90c4dca3315ad9e8a86cc56680ac5f644c6e9,2,2020-10-07,https://projetocomprova.com.br/publicações/tuite-engana-ao-afirmar-que-sol-mata-o-coronavirus/
00b34f98-ee12-56dd-a4c3-70cf5bdfa7c0,0.046106,-0.159148,5,Áudio de Doria prova que vacina Coronavac é apenas um plano para derrubar Bolsonaro #boato,boatos.org,588b8731e9a924744ce0f1e08593dc64f82aa15b,6,2021-04-10,https://www.boatos.org/politica/audio-doria-prova-vacina-coronavac-apenas-plano-derrubar-bolsonaro.html
00b4e3dc-35dc-51c3-9b3c-de852dbc1ae8,-0.259435,-0.072723,3,José Sarney fez discurso na ONU falando inglês com forte sotaque #boato,boatos.org,75514c4505f4319bc59eefd9c35e99e6dd631941,1,2019-10-15,https://www.boatos.org/politica/jose-sarney-discurso-onu-falando-ingles.html
00b5da89-4d60-5bb2-be7b-ad8b3d9a0aa6,-0.056258,0.075044,6,Vídeo mostra o mais novo lançamento em termos de óculos de realidade aumentada?,e-farsas.com,1a73c3e2b0b4492e4bde263b92cc7f59e5655d9e,7,2020-07-28,https://www.e-farsas.com/video-mostra-o-mais-novo-lancamento-em-termos-de-oculos-de-realidade-aumentada.html
00b67dc2-497e-5b36-a44a-8caba3035f04,0.301143,0.038784,0,Médica usa informações falsas em vídeo para falar em cura da covid-19 : Projeto Comprova,projetocomprova.com.br,0837af925a2d48af0bddcbfc0ff00f226adc8f53,6,2020-10-07,https://projetocomprova.com.br/publicações/medica-usa-informacoes-falsas-em-video-para-falar-em-cura-da-covid-19/
00b87ea2-5b9c-5cc8-bf38-565fc2641eb4,-0.230179,0.273438,4,Um cachorro viajou 100 km para morder seu ex-dono que o abandonou?,e-farsas.com,23956bd79f84c035fcdd67899fdb40bf40ce81b7,1,2019-12-30,https://www.e-farsas.com/um-cachorro-viajou-100-km-para-morder-seu-ex-dono-que-o-abandonou.html
00ba0f62-446b-542e-9597-eb9a9ca5ad10,0.022607,0.299960,4,Chinesa é presa em supermercado na Austrália após espirrar e cuspir em frutas #boato,boatos.org,c45deb8a9a6ea1d6fe4273e98247cbf3152ee096,3,2020-03-28,https://www.boatos.org/mundo/chinesa-presa-supermercado-na-australia-espirrar-cuspir-frutas.html
00ba4c07-cf64-5723-b8e6-5507ecef6942,0.079991,-0.070843,5,Um casal de aposentados cometeu suicídio devido ao modelo de Previdência do Chile?,e-farsas.com,d80e2ced927e7efaad03414e1e59c4b1a986bc8c,54,2019-02-28,https://www.e-farsas.com/um-casal-de-aposentados-cometeu-suicidio-devido-ao-modelo-de-previdencia-do-chile.html
00bb171a-e666-5c30-970f-e92defde34db,-0.319318,-0.118342,3,TV do Uruguai revela que Lula tem uma mansão em Punta Del Este! Será verdade?,e-farsas.com,dd887e0b2fab472a9b794f4b4d013338912006e1,1,2019-02-13,https://www.e-farsas.com/tv-do-uruguai-revela-que-lula-tem-uma-mansao-em-punta-del-este-sera-verdade.html
00bca259-08e2-53e2-9515-0f5ea0aabbc7,-0.066194,0.217878,4,Homem bateu na esposa após confundir sua meia-calça com uma cobra de verdade?,e-farsas.com,7af4dba1f77b1850988c1150d73fc9224baf3438,3,2019-03-15,https://www.e-farsas.com/homem-bateu-na-esposa-apos-confundir-sua-meia-calca-com-uma-cobra-de-verdade.html
00bcaf76-266a-5123-bcb0-20fc308228e3,-0.041117,0.154793,6,Skol dá iPhone 12 Pro e Samsung Galaxy S21 em pesquisa de satisfação no WhatsApp #boato,boatos.org,e38a1c55917eec937ddaf9d885e6183426f989a1,4,2021-03-08,https://www.boatos.org/tecnologia/skol-iphone-12-pro-samsung-galaxy-s21-pesquisa-satisfacao-whatsapp.html
00c0c2dd-a521-53b6-9b06-1a9f6e64e192,0.340832,-0.059543,0,Infecção de Rodrigo Faro não prova ineficácia da vacina contra a covid-19 : Projeto Comprova,projetocomprova.com.br,5b633a5554a684ffb630d4ada23193ea74024164,5,2021-07-13,https://projetocomprova.com.br/publicações/infeccao-de-rodrigo-faro-nao-prova-ineficacia-da-vacina-contra-a-covid-19/
00c2fff5-77ab-5ccf-81c1-fffe0f273af2,-0.137463,0.237001,4,Copiar e colar texto “obrigada pela dica para mudar o Facebook” faz você ter perfil totalmente novo #boato,boatos.org,2933dacb512fe320d3d73ce25293eacbfa1a1e26,4,2021-06-02,https://www.boatos.org/tecnologia/copiar-e-colar-texto-obrigada-pela-dica-para-mudar-o-facebook-faz-voce-ter-perfil-totalmente-novo.html
00c3b3b5-ce09-5e4b-b01d-7963479a0e29,0.038913,0.174757,6,"Os fios pretos dentro das máscaras não são parasitas, mas fibras têxteis inofensivas",checamos.afp.com,aeede3390bbbf950ee528b9263513fda30e54e4e,9,2024-04-17,https://checamos.afp.com//os-fios-pretos-dentro-das-mascaras-nao-sao-parasitas-mas-fibras-texteis-inofensivas
00c3bf0e-897c-51c8-84fd-8f9b323b9d77,-0.148097,0.103940,2,"Anita Roddick, dona da rede The Body Shop, foi roubada pelo Cacique Raoni?",e-farsas.com,117335119a48c4d8f2cb62c3be4734e716eaaf58,12,2019-09-28,https://www.e-farsas.com/anita-roddick-dona-da-rede-the-body-shop-foi-roubada-pelo-cacique-raoni.html
00c5c27a-7fa4-5ef7-8d07-177f77b63f85,-0.239139,-0.145498,3,"Bolsonaro: ""2 de abril de 1964 não existe"" no Diário do Congresso. Será?",noticias.uol.com.br,4d3d6755553cd6eef49dd10291593a11bf000202,8,2019-03-28,https://noticias.uol.com.br/confere/ultimas-noticias/2019/03/28/bolsonaro-2-de-abril-de-1964-nao-existe-no-diario-do-congresso-sera.htm
00c65960-21b5-53dc-9418-388dcb4755c1,-0.010373,0.133598,6,Um estudo apontou que as pessoas com letra feia são as mais inteligentes?,e-farsas.com,10943007afe9afe96054cdd1d2a2f9f4788efe1b,27,2019-01-09,https://www.e-farsas.com/um-estudo-apontou-que-as-pessoas-com-letra-feia-sao-as-mais-inteligentes.html
00c68fb7-b083-57ca-a3fd-a852200aa306,-0.103287,0.017977,2,Deputada disse que os negros são um câncer e a ameaçam a sociedade de Israel?,e-farsas.com,da38f93eae427a3c7967bd5d57548a838e673db0,4,2020-01-02,https://www.e-farsas.com/deputada-disse-que-os-negros-sao-um-cancer-e-a-ameacam-a-sociedade-de-israel.html
00c80c13-de55-5eaf-95de-dd943fe1ad21,-0.138807,-0.178020,1,"Sistema de voto eletrônico pode ser auditado, ao contrário do que afirma post : Projeto Comprova",projetocomprova.com.br,1060eded59c9438f36b61f17ee5c1fe1bc61217e,20,2020-11-13,https://projetocomprova.com.br/publicações/sistema-de-voto-eletronico-pode-ser-auditado-ao-contrario-do-que-afirma-post/
00c86c64-913c-5408-9a1d-9238d47ec29f,0.095357,0.001667,5,"Alexandre Garcia diz, em texto sobre coronavírus, quarentena e Bolsonaro, que sociedade já escolheu sacrificar almas #boato",boatos.org,dbc001ad1ba4203f3aa41de94e113a239dfc6a72,3,2020-04-05,https://www.boatos.org/saude/alexandre-garcia-texto-coronavirus-quarentena-bolsonaro-sociedade-escolheu-sacrificar-almas.html
00ca6585-0398-53c0-816e-2c0788057aa6,0.272317,0.012022,0,É falso que testes são manipulados e pandemia é uma farsa : Projeto Comprova,projetocomprova.com.br,b7e1444db7a8cca6616acbc828ced1a3a52d5499,14,2020-10-07,https://projetocomprova.com.br/publicações/e-falso-que-testes-sao-manipulados-e-pandemia-e-uma-farsa/
00cb0faa-6dd3-5660-b50d-282fc7ee790e,-0.125116,-0.062433,3,"Post enganoso associa, sem provas, ONGs da Amazônia à exploração mineral",noticias.uol.com.br,b8a7c880e63951b55beed1fe4a31c84874fa60ad,22,2019-08-26,https://noticias.uol.com.br/comprova/ultimas-noticias/2019/08/26/ongs-da-amazonia-nao-estao-associadas-a-exploracao-de-riquezas-minerais.htm
00cb2e01-e8a3-52fd-8f69-48f73a200d73,0.071120,0.175572,6,"Torre Eiffel, iluminada pela empresa Ximénez, faz homenagem a vítimas da Covid-19 #boato",boatos.org,94969b2b84684e00c42601c113bf90e50ec3c924,4,2020-12-12,https://www.boatos.org/mundo/torre-eiffel-iluminada-empresa-ximenez-faz-homenagem-vitimas-da-covid-19.html
00cb4f50-1424-5177-afa5-41c6694c43be,-0.125378,-0.289517,1,Post exagera ao creditar só a Bolsonaro recursos para educação e Amazônia,noticias.uol.com.br,6cf9b05538cc0e75fb75806e9b99e0430b1e2c12,7,2019-09-13,https://noticias.uol.com.br/comprova/ultimas-noticias/2019/09/13/post-exagera-ao-creditar-so-a-bolsonaro-recursos-para-educacao-e-amazonia.htm
00cc4a15-9df4-5c69-8479-2405eb13b433,-0.219789,0.035058,2,"Padre Marcelo Rossi grava áudio sobre situação do Brasil, Bolsonaro e comunismo #boato",boatos.org,55eb7a7caf1cfbc2fed7b9c312d6cfcb4c53bfb8,3,2020-07-28,https://www.boatos.org/religiao/padre-marcelo-rossi-grava-audio-brasil-bolsonaro-comunismo.html
00cda0a2-50e3-5621-8297-fcf3685b8922,-0.205238,-0.175484,1,"O bombeiro conhecido como ""Alagoano"" morreu após resgatar 4 sobreviventes em Brumadinho?",e-farsas.com,f98d02a601b5a535ad060ff0f62c1d26f0904f29,27,2019-02-04,https://www.e-farsas.com/o-bombeiro-conhecido-como-alagoano-morreu-apos-resgatar-4-sobreviventes-em-brumadinho.html
00cfbcae-84f4-5e03-a668-0564763b6a04,0.336016,0.041813,0,"É impossível que vacina cause alterações genéticas, dizem especialistas : Projeto Comprova",projetocomprova.com.br,f1b44b3fb1d1461465389d633288781f1333ca81,24,2020-12-16,https://projetocomprova.com.br/publicações/e-impossivel-que-vacina-cause-alteracoes-geneticas-dizem-especialistas/
00cfc7fb-50d4-56c8-90f3-83e1bf70d5f1,0.064198,0.000488,5,"O vídeo da reabertura de um shopping em Santa Catarina foi editado, a música do meme do caixão não estava tocando",checamos.afp.com,e6ecaff96f13b485ca1dbab181adc8fe82105929,8,2024-11-28,https://checamos.afp.com//o-video-da-reabertura-de-um-shopping-em-santa-catarina-foi-editado-musica-do-meme-do-caixao-nao
00d367e0-2f53-587f-8989-5a82bd28c274,-0.149748,-0.174027,1,Posts inflam impacto de doação de máquina israelense para exaltar Bolsonaro,noticias.uol.com.br,46c82e3d6bfee608b86383756443a0a3ec781c2a,14,2021-06-14,https://noticias.uol.com.br/comprova/ultimas-noticias/2021/06/14/posts-inflam-impacto-de-doacao-de-maquina-israelense-para-exaltar-bolsonaro.htm
00d437f0-4c56-589d-b542-a474b0364fcc,0.378792,0.068025,0,É #FAKE que vacinação em massa cria variantes do vírus e agrava a pandemia | G1,g1.globo.com,3e2ecdb7917c1814720b5f80fabb7d36e1f00bbe,3,2021-05-27,https://g1.globo.com/fato-ou-fake/coronavirus/noticia/2021/05/27/e-fake-que-vacinacao-em-massa-cria-variantes-do-virus-e-agrava-a-pandemia.ghtml
00d450a9-5c2c-5984-95c4-a948eac8f21f,0.030095,-0.306191,5,David Uip não deixou chefia do combate à Covid-19 por ser contra isolamento,noticias.uol.com.br,15fa52cd8c0592c37acd35ad235966e525021962,16,2020-05-15,https://noticias.uol.com.br/comprova/ultimas-noticias/2020/05/15/david-uip-nao-deixou-chefia-do-combate-a-covid-19-por-ser-contra-isolamento.htm
00d4f856-2b74-59a3-bcd8-a5a59da8eb14,-0.081311,0.043726,2,Usina de Itaipu está em alerta vermelho e pode estourar por causa de chuvas #boato,boatos.org,91d5945ba4b40376ef3993dd9a6860ac72debc54,4,2019-05-15,https://www.boatos.org/brasil/usina-itaipu-alerta-vermelho-estourar.html
00d527fe-21cb-5a53-b2cd-c847d4ef2c38,-0.282800,-0.031156,3,Caminhão que estava indo para a Venezuela foi apreendido pela PRF com milhares de dólares #boato,boatos.org,dcf8d3eef183533300309d997121fb186e884e3d,5,2019-09-27,https://www.boatos.org/brasil/caminhao-indo-venezuela-apreendido-prf-dolares.html
00d79402-62f8-5f42-96d8-ed7251a19071,0.370239,0.049794,0,"Os assintomáticos podem sim transmitir o vírus e não espalham anticorpos, dizem especialistas",checamos.afp.com,e7a4c110ae3dae5c1ea16d7d52012867987d5558,22,2024-11-29,https://checamos.afp.com//os-assintomaticos-podem-sim-transmitir-o-virus-e-nao-espalham-anticorpos-dizem-especialistas
00d8031e-c1d2-5601-b65b-4b15775a334d,0.004853,-0.216163,5,Bolsonaro distorce dados de emprego e repete suspeitas sem base sobre urnas,noticias.uol.com.br,86e157d983fd93802f9ecb693c6db935f567fb62,25,2021-07-01,https://noticias.uol.com.br/confere/ultimas-noticias/2021/07/01/checagem-live-bolsonaro-voto-impresso-urna-eletronica-empregos.htm
00d9b7f2-399e-576f-8e01-01de49de018c,0.378341,-0.036452,0,Postagens enganosas sobre os “riscos” de cada vacina contra covid-19 não consideram os benefícios,checamos.afp.com,67987361dda7a5aae44135442de3144f48c9eeb3,18,2026-01-15,https://checamos.afp.com//http%253A%252F%252Fdoc.afp.com%252F9KZ2DT-1
00dac06e-dce4-56b6-ac82-aea1c0f32f54,-0.161982,0.085389,2,Gene Kelly se inspirou no frevo de Recife para criar Cantando na Chuva #boato,boatos.org,99e4a22c6a09b6181c2a4ebdfbda39982eb45f1c,6,2021-02-16,https://www.boatos.org/entretenimento/gene-kelly-se-inspirou-frevo-recife-cantando-na-chuva.html
00dad28b-ffa8-55e3-9b29-7b035eeecb89,-0.145400,0.173299,2,"É #FAKE que uniforme escolar 'ensanguentado' seja da menina Ágatha, morta no Rio | G1",g1.globo.com,f512dd72a830f6230ee2b5eee3eb1b7d920afacb,1,2019-09-25,https://g1.globo.com/fato-ou-fake/noticia/2019/09/25/e-fake-que-foto-de-uniforme-escolar-ensanguentado-seja-da-menina-agatha-morta-no-rio.ghtml
00db3391-b2ab-5a18-843d-718802e34346,-0.110963,-0.183753,1,Frase de Daniel Alves de 2019 é tirada de contexto para defender Bolsonaro e atacar Tite sobre Copa América : Projeto Comprova,projetocomprova.com.br,9be2fd756fb6a68741af465fb9428ef1f775ef5d,18,2021-06-11,https://projetocomprova.com.br/publicações/frase-de-daniel-alves-de-2019-e-tirada-de-contexto-para-defender-bolsonaro-e-atacar-tite-sobre-copa-america/
00db4ac9-d836-5772-9335-bd27ced0923b,-0.142148,-0.179785,1,Site omite que pesquisa com vantagem para Bolsonaro foi feita apenas em SC,noticias.uol.com.br,76ba5a530ecf85ece493bdb4cb3229844b5a77b6,11,2021-07-23,https://noticias.uol.com.br/comprova/ultimas-noticias/2021/07/23/site-omite-que-pesquisa-com-vantagem-para-bolsonaro-foi-feita-apenas-em-sc.htm
00dc9b40-d230-50b4-ae61-4bd14d755c36,0.101344,0.212512,6,É #FAKE que vídeo mostre mulher ainda viva e mexendo os braços sendo ensacada e considerada morta por Covid-19 | G1,g1.globo.com,066529573050d25b2ffb581b772bcab1d2eaa8d8,2,2021-03-31,https://g1.globo.com/fato-ou-fake/coronavirus/noticia/2021/03/31/e-fake-que-video-mostre-mulher-ainda-viva-e-mexendo-os-bracos-sendo-ensacada-e-considerada-morta-por-covid-19.ghtml
00dd46f1-f39f-5342-8cca-31435b2769a2,-0.053122,0.339309,4,Uma nova lei na Escócia determinou que alunos de 4 anos podem mudar de gênero sem consentimento dos pais?,e-farsas.com,8524867c4d732e33923978d854be73d08853a69d,9,2021-08-18,https://www.e-farsas.com/uma-nova-lei-na-escocia-determinou-que-alunos-de-4-anos-podem-mudar-de-genero-sem-consentimento-dos-pais.html
00e1f403-3745-51e8-8dd1-4360b9a936d2,0.202207,-0.126130,5,Fala da OMS é tirada de contexto para dizer que órgão é contra isolamento,noticias.uol.com.br,43b6d1b61591e7156fbeb88449ec8c27e2be63b4,11,2020-05-06,https://noticias.uol.com.br/comprova/ultimas-noticias/2020/05/06/fala-da-oms-e-tirada-de-contexto-para-dizer-que-orgao-e-contra-isolamento.htm
00e2f6ac-18db-51b8-9db5-2c26643df750,-0.144968,0.095316,2,Vídeo mostra chuva de granizo em shopping de Maringá (Botucatu) #boato,boatos.org,d6b997278ec0df49a8c6e516f0c21af1bf2f24f9,0,2019-11-03,https://www.boatos.org/brasil/video-chuva-granizo-shopping-maringa-botucatu.html
00e5925b-ff4d-58a7-8a99-ddb715a19876,0.068848,0.007970,5,Registros de óbitos em cartório mostram que 2019 teve mais mortes que 2020 nos 6 primeiros meses do ano #boato,boatos.org,de8052c92c2946e8fd577d8840d4f2ed12291b34,1,2020-07-20,https://www.boatos.org/brasil/registros-obitos-cartorio-mostram-2019-mais-mortes-2020.html
00e74985-cff5-557c-8281-3d73b3c994e9,0.025797,-0.066087,5,Ex-ministro usa dados imprecisos para questionar distanciamento social,noticias.uol.com.br,85786d0dc04ec13a5b482789ef2439f6940cd585,17,2020-10-20,https://noticias.uol.com.br/comprova/ultimas-noticias/2020/10/20/ex-ministro-usa-dados-imprecisos-para-questionar-distanciamento-social.htm
00e7e0f6-096e-5611-a4df-5d813c24cd0e,0.097097,-0.036645,5,STF autoriza criação de campos de concentração para não vacinados contra Covid-19 #boato,boatos.org,9092b01cfb6cc614c72e1922a30923724c697e63,3,2021-04-09,https://www.boatos.org/saude/stf-autoriza-criacao-campos-concentracao-nao-vacinados-contra-covid-19.html
00e83709-ecb2-514c-950a-cc522994e5aa,-0.105762,0.316318,4,"Texto sobre a ""morte de uma geração"" pertence ao escritor Augusto Cury?",e-farsas.com,48852feb19390cc41138405a9722d6c65ec6e266,7,2020-10-28,https://www.e-farsas.com/texto-sobre-a-morte-de-uma-geracao-pertence-ao-escritor-augusto-cury.html
00eaa161-8171-595c-92fd-3833449d55a9,-0.267546,-0.141139,3,É #FAKE que áudio que fala em afastar ministros do STF foi feito pelo general Braga Netto | G1,g1.globo.com,7969f1980c95a669784c577e5eb7f813fcf3ea0a,2,2019-10-05,https://g1.globo.com/fato-ou-fake/noticia/2019/10/05/e-fake-que-audio-que-fala-em-afastar-ministros-do-stf-foi-feito-pelo-general-braga-netto.ghtml
00eac1f4-a67d-5804-b61f-1bff7b0f3c48,-0.342477,-0.082154,3,Assessor do PT que ganhou na Mega-Sena comprou carro de luxo antes de resultado do sorteio #boato,boatos.org,ef31716fe6543576daabe441649f97d7294a8875,6,2019-09-20,https://www.boatos.org/politica/assessor-pt-mega-sena-carro-luxo-antes-sorteio.html
00eacc8c-ac7c-5417-b83f-17f01f794af3,0.318633,-0.191287,0,Hidroxicloroquina no início da covid-19 não descarta necessidade de UTI : Projeto Comprova,projetocomprova.com.br,c3e1d38013b5cefc0057efa184c1a4a4e453e160,19,2021-03-05,https://projetocomprova.com.br/publicações/hidroxicloroquina-no-inicio-da-covid-19-nao-descarta-necessidade-de-uti/
00eacef3-e1e0-5877-9d06-549d1506d682,-0.252513,-0.106238,3,É #FAKE que senador Fabiano Contarato (Rede-ES) defendeu anulação de todos os julgamentos da Lava Jato | G1,g1.globo.com,5bfde94fb0ca4af464ac5e55da61a1e522086344,0,2019-06-25,https://g1.globo.com/fato-ou-fake/noticia/2019/06/25/e-fake-que-senador-fabiano-contarato-rede-es-defendeu-anulacao-de-todos-os-julgamentos-da-lava-jato.ghtml
00eb43ee-d93b-5176-8061-5f3bf7fce8e8,0.110911,-0.273370,5,É enganoso post de Carlos Bolsonaro que acusa Flávio Dino de defender uso da cloroquina contra covid-19 : Projeto Comprova,projetocomprova.com.br,ef0eda244bc6008d6704bae4d73e5a1eca2c2b89,14,2021-05-12,https://projetocomprova.com.br/publicações/e-enganoso-post-de-carlos-bolsonaro-que-acusa-flavio-dino-de-defender-uso-da-cloroquina-contra-covid-19/
00ec0251-8a0f-5813-b16f-286b94c8a401,-0.208728,-0.033424,3,Vídeo incrível mostra como Bolsonaro vai construir a ponte do Xingu #boato,boatos.org,a6725d3505fdc4e8091fa8367d98e2152185cd4f,2,2020-07-23,https://www.boatos.org/politica/video-bolsonaro-vai-construir-ponte-xingu.html
00ed305d-ade9-55a3-9418-e46e7c780182,0.238455,0.028459,7,Vídeo usa ação coletiva infundada para dizer que pandemia é crime contra a humanidade : Projeto Comprova,projetocomprova.com.br,1d41aa0d1c4ada567a4786021dc0f61705902aac,24,2020-10-28,https://projetocomprova.com.br/publicações/video-usa-acao-coletiva-infundada-para-dizer-que-pandemia-e-crime-contra-a-humanidade/
00ef02e1-fb0c-5c05-8c43-865959d71493,-0.208465,-0.036253,3,Aluno da UnB sofre rompimento no ânus durante protesto contra o MEC #boato,boatos.org,f7608813c06b01a107ef8a052b054ef83a7384dd,2,2019-05-09,https://www.boatos.org/brasil/aluno-unb-anus-protesto.html
00f0633d-36ab-5055-b386-377f8bfa1ac2,0.003385,0.207831,6,Óleo de soja é feito de soda cáustica e foi criado como combustível #boato,boatos.org,0c573ffc4357b855eb6636297b850ba0cdfce9b8,0,2018-12-02,https://www.boatos.org/saude/oleo-soja-feito-soda-caustica.html
00f15748-3051-5323-b4ff-7161f6bf7e7d,0.184982,0.144664,7,Vacinas podem causar depressão grave induzindo ao suicídio?,e-farsas.com,92aa8f5235860c9c22436241eb1228eb2459fc08,38,2020-11-12,https://www.e-farsas.com/vacinas-podem-podem-causar-depressao-grave-induzindo-ao-suicidio.html
00f19ca4-b2cf-539b-851b-29c820c1d586,0.296600,0.021263,0,"Fiocruz foi responsável por desenvolver a vacina de Oxford, que está na fase 3 #boato",boatos.org,27317e6a22be5bbb49b0968f447be10083d64700,1,2020-07-16,https://www.boatos.org/saude/fiocruz-desenvolveu-vacina-de-oxford.html
00f321a2-c04a-5980-a2ff-5c160bbb7215,-0.312643,-0.067666,3,É #FAKE que Moro fez post dizendo admirar 'sapiência e prudência' de Rodrigo Maia | G1,g1.globo.com,42f73bf772238c7ac793740ffd4c0a2458a692e4,0,2020-04-27,https://g1.globo.com/fato-ou-fake/noticia/2020/04/27/e-fake-que-moro-fez-post-dizendo-admirar-sapiencia-e-prudencia-de-rodrigo-maia.ghtml
00fa7131-f9b6-5420-9fa7-29551ea6500d,0.299498,0.009022,0,"Por causa do ácido tânico e polifenóis, vinho previne a Covid-19 #boato",boatos.org,7b3c52b0f6ae8536c6a1475e5671cef4a4e3aeac,7,2021-07-05,https://www.boatos.org/saude/beber-vinho-previne-covid-19-por-causa-acido-tanico-polifenois.html
00faaa39-9c58-55ef-8519-58189ba7a2ca,-0.197789,0.124613,2,Sr. Sakamoto está perdido na rodovia Raposo Tavares em Cotia (SP) #boato,boatos.org,66d844b1f2ef4b077be91bf7e466740cd463fa58,0,2020-02-21,https://www.boatos.org/brasil/sakamoto-perdido-rodovia-raposo-tavares-cotia.html
0101b530-9b76-55cf-80f2-b7adb0a0997b,-0.148560,0.133848,2,"Será verdade que Jair Bolsonaro disse: ""Jogue-me aos lobos e voltarei liderando o cardume""?",e-farsas.com,459d6b7eae072c3d70494155891e5a743f4fd485,1,2019-10-19,https://www.e-farsas.com/sera-verdade-que-jair-bolsonaro-disse-jogue-me-aos-lobos-e-voltarei-liderando-o-cardume.html
010359a8-50fd-54e2-9548-3e1aadab88fa,0.145145,-0.041049,5,Brasil não teve nenhuma morte por dengue registrada em 2021 #boato,boatos.org,bedd11553ae35f5d348e8350ad847f0e6fc0fc71,8,2021-03-28,https://www.boatos.org/saude/brasil-nao-teve-morte-por-dengue-2021.html
0103ec27-8c38-5137-a326-f86fcb6ae6e0,-0.189718,-0.063149,3,"Vídeo de acampamento em Brasília mostra mobilização indígena, não preparação para 7 de Setembro : Projeto Comprova",projetocomprova.com.br,ae33ab5bb93904a8f9defdb4949d0d90e6a7f741,14,2021-09-01,https://projetocomprova.com.br/publicações/video-de-acampamento-em-brasilia-mostra-mobilizacao-indigena-nao-preparacao-para-7-de-setembro/
01045010-9d74-58ee-93b4-e20d6fca085a,-0.122553,0.136421,2,"Facebook anuncia compra do Telegram por US$ 24,5 bilhões #boato",boatos.org,cdc79315c810eefd089cbb6f164d7a3b1a5ddb25,0,2021-01-12,https://www.boatos.org/tecnologia/facebook-anuncia-compra-telegram-us-245-bilhoes.html
010487c7-0447-50ea-96fc-cb2c641fa40a,-0.146268,0.121078,2,Anitta disse que admira o homem que matou Hitler em post de 2010 no Twitter #boato,boatos.org,867bcb18aa2d8d0d542afdd2cc6778af348fb0b3,1,2019-10-08,https://www.boatos.org/entretenimento/anitta-disse-admira-homem-matou-hitler-twitter.html
01052087-faa1-5b7c-a712-461fcbf8105f,0.010859,0.176724,6,Band saiu do ar porque Datena anunciaria a cura do coronavírus e recebeu ligação misteriosa da China #boato,boatos.org,48ab46b0dbf5530d47f4c6fd64989639822ea3f1,1,2020-03-29,https://www.boatos.org/entretenimento/band-saiu-do-ar-datena-anunciaria-cura-coronavirus-recebeu-ligacao-misteriosa-china.html
0105d70c-88b3-5dcb-aa7c-d887b9b83e2f,0.388140,-0.146629,0,"Vacinas contra a covid-19 usadas no Brasil passaram por testes de segurança, ao contrário do que diz deputado : Projeto Comprova",projetocomprova.com.br,18874959b6b095f3f168c29a6d987a8bb6a93b53,8,2021-06-18,https://projetocomprova.com.br/publicações/vacinas-contra-a-covid-19-usadas-no-brasil-passaram-por-testes-de-seguranca-ao-contrario-do-que-diz-deputado/
0105f4d3-ee59-5b72-a2c4-c49f55008e26,0.112635,-0.173836,5,Posicionamento da OMS é retirado de contexto para apoiar falas de Bolsonaro contra o isolamento social : Projeto Comprova,projetocomprova.com.br,66c9437abdd69893645823a63d28f6424973ee6c,2,2021-05-03,https://projetocomprova.com.br/publicações/posicionamento-da-oms-e-retirado-de-contexto-para-apoiar-falas-de-bolsonaro-contra-o-isolamento-social/
01074051-13e1-545d-92b5-14b3fcf73d3a,-0.218618,-0.183754,1,Veja o que é #FATO ou #FAKE nas declarações dos candidatos à Prefeitura de SP na 5ª semana de campanha | G1,g1.globo.com,08cd1f9b2eb9e276dc7c2b92fcc370af58522d1c,61,2020-10-31,https://g1.globo.com/fato-ou-fake/noticia/2020/10/31/veja-o-que-e-fato-ou-fake-nas-declaracoes-dos-candidatos-a-prefeitura-de-sp-na-5a-semana-de-campanha.ghtml
0107c13d-60d2-5a25-a3f7-832e666705d4,0.147205,-0.083059,5,Verificações da AFP em português sobre o novo coronavírus,checamos.afp.com,4434db9220a349e792d9dd95d6580c5f54432dce,4,2024-04-17,https://checamos.afp.com//verificacoes-da-afp-em-portugues-sobre-o-novo-coronavirus
010910dd-da23-5e44-9794-0a5b862da97b,0.022112,0.163443,6,"Pés gelados podem causar infarto e, por isso, devem ficar protegidos #boato",boatos.org,ad9025e6e2285036ac175de1e2788277c11934b4,8,2021-07-01,https://www.boatos.org/saude/pes-gelados-podem-causar-infarto-devem-ficar-protegidos.html
010b9a5a-7044-55d6-b113-8254fe22004d,-0.215796,-0.037689,3,André Rieu faz homenagem ao presidente Jair Bolsonaro em vídeo #boato,boatos.org,df0d83b6159a4ec048339133090cd67f7d1fa4e5,0,2020-03-11,https://www.boatos.org/entretenimento/andre-rieu-homenagem-presidente-jair-bolsonaro-video.html
010ca7a6-c7df-5e48-a5d9-aec9059309f2,-0.090086,0.018893,2,Ministra Damares Alves cria projeto que limita sexo apenas apenas para procriação #boato,boatos.org,5cf05b6fc48f658167a5e2b8379dacaea2d878a2,3,2019-03-26,https://www.boatos.org/politica/damares-alves-projeto-sexo-reproducao.html
010dc753-b3c3-5d1f-8cfb-5ea94ebcdea1,-0.278060,-0.087527,3,PT entra na Justiça para evitar que Bolsonaro acabe com a seca no Nordeste #boato,boatos.org,ce2bd7fc5f04009e2e3cab963073b295e55bb236,5,2020-07-26,https://www.boatos.org/politica/pt-entra-justica-evitar-bolsonaro-acabe-seca-nordeste.html
010fc203-ed51-5a8a-9a1e-6c6ca8e47787,-0.206539,-0.062731,3,Michelle Bolsonaro intervém a favor dos animais atingidos em Brumadinho #boato,boatos.org,c428026c85bb841d059b48ce6bb0c01003af212c,4,2019-01-28,https://www.boatos.org/politica/michelle-bolsonaro-animais-brumadinho.html
01116778-d7ec-571f-9e8c-76c70042c9e0,0.128949,0.158024,7,Médica usa informações falsas em vídeo para falar em cura da covid-19 : Projeto Comprova,projetocomprova.com.br,0837af925a2d48af0bddcbfc0ff00f226adc8f53,8,2020-10-07,https://projetocomprova.com.br/publicações/medica-usa-informacoes-falsas-em-video-para-falar-em-cura-da-covid-19/
011177f0-9f78-5cd9-9e28-203a0cec592a,0.424226,-0.169647,0,Publicação distorce informações sobre protocolos para uso de medicamentos contra a covid-19 : Projeto Comprova,projetocomprova.com.br,66ef0bfaedbbd7098340939b9f8502d2b9b29213,4,2021-03-05,https://projetocomprova.com.br/publicações/publicacao-distorce-informacoes-sobre-protocolos-para-uso-de-medicamentos-contra-a-covid-19/
0112d56a-2144-5d0f-9c6a-10ac45cf1f18,0.429973,-0.202850,0,Protocolo de uso da cloroquina não aumentou pacientes recuperados no Brasil,noticias.uol.com.br,f5cfc50e50256a1ff751a9fb9046c40c8423b76f,17,2020-06-08,https://noticias.uol.com.br/comprova/ultimas-noticias/2020/06/08/protocolo-de-uso-da-cloroquina-nao-aumentou-pacientes-recuperados-no-brasil.htm
01134913-1418-58d3-8d2f-76e7d0848945,0.354345,0.032071,0,É #FAKE que três jovens morreram depois de tomar CoronaVaC | G1,g1.globo.com,05b945bafcd480e6552411873af093c768db4b56,3,2020-09-15,https://g1.globo.com/fato-ou-fake/coronavirus/noticia/2020/09/15/e-fake-que-tres-jovens-morreram-depois-de-tomar-coronavac.ghtml
0113719a-eeba-5d8a-8377-021af9e1774c,0.164690,0.091181,7,Covid-19 é uma farsa criada para venda de órgãos no mercado negro #boato,boatos.org,a7b63a5c0ca8872bd9ff931dd598b7b219ac9e84,6,2021-01-29,https://www.boatos.org/saude/covid-19-farsa-criada-venda-de-orgaos-mercado-negro.html
0113f2df-1df1-5a3e-be3a-163326c635c1,0.131802,-0.059697,5,Cadastro do Conecte SUS será obrigatório para se vacinar contra Covid-19 #boato,boatos.org,f3d94f36687f1b11cb9c0b6b602c5b26309bac9b,6,2021-01-10,https://www.boatos.org/saude/cadastro-conecte-sus-obrigatorio-vacinar-covid-19.html
01167fc7-d88c-5b1b-a86f-9b5bec2c4f3c,-0.061364,-0.268569,1,Veja o que é #FATO ou #FAKE nas declarações dos candidatos à Prefeitura de Belo Horizonte na 2ª semana de campanha | G1,g1.globo.com,36d7bd3a4bc4eeb36fe2c94ca4f47d27258cacc6,15,2020-10-09,https://g1.globo.com/fato-ou-fake/noticia/2020/10/09/veja-o-que-e-fato-ou-fake-nas-declaracoes-dos-candidatos-a-prefeitura-de-belo-horizonte-na-2a-semana-de-campanha.ghtml
0117186e-c59d-5fa8-901f-27e925194284,-0.263292,-0.068448,3,Exército e manifestantes cercaram o STF para prender os 11 ministros da corte #boato,boatos.org,dc90488264dfdffa4db31375cf96e05fb941c677,5,2019-10-17,https://www.boatos.org/politica/exercito-manifestantes-cercaram-stf-prender-ministros.html
01195117-de97-5dbe-9797-34c68efdb8f6,0.463338,-0.074054,0,Não há relação comprovada entre casos de paralisia facial e vacina da Pfizer contra covid-19,checamos.afp.com,8cf6ac32b874027cc5eb2475622fbdce86907de8,17,2024-04-17,https://checamos.afp.com//nao-ha-relacao-comprovada-entre-casos-de-paralisia-facial-e-vacina-da-pfizer-contra-covid-19
0119c3f6-2a19-53a2-abd5-0d0fb98b2aff,-0.247919,-0.180535,1,Doria ofereceu terreno a Silvio Santos em troca de apoio político #boato,boatos.org,0b546f1ec40d5642bb3bcebe4197eff812bfcf80,0,2021-04-08,https://www.boatos.org/politica/doria-ofereceu-terreno-silvio-santos-troca-apoio-politico.html
011a1b45-7ee9-5ef0-bc88-e057768f5ba5,0.305169,0.042915,0,Estudo revelou que tutores de gatos podem ser mais resistentes à COVID-19?,e-farsas.com,84e5cde91b91136145abc5a645d20bd13253a68a,32,2020-07-03,https://www.e-farsas.com/estudo-revelou-que-tutores-de-gatos-podem-ser-mais-resistentes-a-covid-19.html
011b0d14-3120-5404-ae6a-aa3973279d55,-0.266582,0.096016,2,"Martinelli e Owande criticam decisão do STF, Lula e o PT na Acij em Joinville #boato",boatos.org,094e06340be452deb702d8661fa5b87a5c91578d,2,2019-11-11,https://www.boatos.org/politica/martinelli-owande-decisao-stf-lula-pt-acij-joinville.html
011c15b0-7ded-5bd9-93cb-0723ba98e984,0.300287,0.137582,7,É falso que irmãos morreram após se vacinarem contra a covid-19,noticias.uol.com.br,d8f72b9e9a2a423e33823573314da85c7100ca75,1,2020-09-17,https://noticias.uol.com.br/comprova/ultimas-noticias/2020/09/17/e-falso-que-irmaos-morreram-apos-se-vacinarem-contra-a-covid-19.htm
011c9348-757e-535d-b189-bf477054067d,-0.062648,-0.159035,1,Desembargador e advogados não acionaram Forças Armadas contra STF e governadores : Projeto Comprova,projetocomprova.com.br,706909d79b00d9afbaff94f3de34630b01173260,2,2021-03-05,https://projetocomprova.com.br/publicações/desembargador-e-advogados-nao-acionaram-forcas-armadas-contra-stf-e-governadores/
011dd463-455c-55e7-9fe3-19e34da7abe1,-0.106573,-0.064028,3,"É #FAKE que a reforma da Previdência acaba com seguro-desemprego, PIS e licença remunerada | G1",g1.globo.com,1dc1e8dbb5436c91678233dd6a81c850130a48a0,17,2019-07-18,https://g1.globo.com/fato-ou-fake/noticia/2019/07/18/e-fake-que-a-reforma-da-previdencia-acaba-com-seguro-desemprego-pis-e-licenca-remunerada.ghtml
011e414f-3b9c-52e6-9966-1660ce80d0c3,-0.119850,-0.209612,1,Desmentimos 9 fake news envolvendo o coronavírus!,e-farsas.com,3f99a7c6e5aa6f075d54c17536be6319e6b6092b,5,2020-02-02,https://www.e-farsas.com/desmentimos-9-fake-news-envolvendo-o-coronavirus.html
011e769a-7817-5c7b-8f35-e1c1f4a4e65d,-0.315206,-0.058893,3,A Operação Lava Jato caiu numa fake news envolvendo Lula e um crucifixo!,e-farsas.com,cacd2bd08c5328e9991b84a6efce8b6cfd1f2e0c,6,2021-03-13,https://www.e-farsas.com/a-operacao-lava-jato-caiu-numa-fake-news-envolvendo-lula-e-um-crucifixo.html
011ecbaf-c970-5e36-97ad-afb2aefd8c4d,-0.148127,0.094867,2,STF divulga lista de sites e páginas que espalham fake news e desinformação #boato,boatos.org,85a963737082f05626622765b28753f14812bb94,5,2020-07-10,https://www.boatos.org/politica/stf-divulga-lista-sites-paginas-espalham-fake-news-desinformacao.html
011f99f6-ff18-581e-aea2-9a23c4705554,-0.106440,-0.308787,1,O ministro Sérgio Moro mandou retirar as tomadas dos presídios?,e-farsas.com,8900ede2ba7196d729f37b186bec56f92babb1d9,7,2019-01-16,https://www.e-farsas.com/o-ministro-sergio-moro-mandou-retirar-as-tomadas-dos-presidios.html
012114f5-93d3-5901-bbad-b5538517f2ae,0.045897,0.151343,6,É #FAKE que pesquisa da USP comprovou que pessoas confinadas são mais propensas a contrair o coronavírus | G1,g1.globo.com,43372f5b009c084adccd12c5f4e8bc31514b6ca5,9,2020-08-18,https://g1.globo.com/fato-ou-fake/coronavirus/noticia/2020/08/18/e-fake-que-pesquisa-da-usp-comprovou-que-pessoas-confinadas-sao-mais-propensas-a-contrair-o-coronavirus.ghtml
0123690b-f5d2-57dc-a010-2d802aac8387,0.235093,-0.129706,0,Veja o que é #FATO ou #FAKE nas declarações da médica Nise Yamaguchi na CPI da Covid | G1,g1.globo.com,bf2d5ed4824e8f3099e55af8e27cfdc11ade4e3d,17,2021-06-01,https://g1.globo.com/fato-ou-fake/noticia/2021/06/01/veja-o-que-e-fato-ou-fake-nas-declaracoes-da-medica-nise-yamaguchi-na-cpi-da-covid.ghtml
0123dde3-965b-51d0-bc10-b32c9f4484b8,-0.269402,0.002505,3,Foragido da Justiça é assessor do ministro do STF Dias Toffoli?,e-farsas.com,38f5e2c5463da3d767e6b62e296902e791909c7b,1,2021-05-13,https://www.e-farsas.com/foragido-da-justica-e-assessor-do-ministro-do-stf-dias-toffoli.html
0125d23d-10f0-56ee-8f77-b55d592f35fc,-0.163313,-0.197695,1,Publicações enganam ao associar Bolsonaro à aprovação de verba para filme sobre sua eleição : Projeto Comprova,projetocomprova.com.br,d29f848d6f43c2d199a707f6956b3145fa80aa33,21,2021-03-05,https://projetocomprova.com.br/publicações/publicacoes-enganam-ao-associar-bolsonaro-a-aprovacao-de-verba-para-filme-sobre-sua-eleicao/
0125fa40-c358-5854-acc3-66005e19ff59,-0.141723,0.099864,2,É #FAKE que vídeo mostre diamante levado da Amazônia por ONGs | G1,g1.globo.com,58a9110334213fef6c9ff2504c8a3e02cd94c70b,2,2019-09-17,https://g1.globo.com/fato-ou-fake/noticia/2019/09/17/e-fake-que-video-mostre-diamante-levado-da-amazonia-por-ongs.ghtml
01277180-6600-529d-9d5f-879adce3c877,0.123933,0.169123,7,É #FAKE que imagem mostre vacina contra o coronavírus feita por cientistas dos EUA | G1,g1.globo.com,2873042ed7e472391dca93a0812299b00ada625b,4,2020-03-23,https://g1.globo.com/fato-ou-fake/noticia/2020/03/23/e-fake-que-imagem-mostre-vacina-contra-o-coronavirus-feita-por-cientistas-dos-eua.ghtml
0127c20b-5feb-5353-b817-23dc719a78c4,-0.076276,0.163837,6,"Flor muguet-du-bois deve ser enviada em 1º de dezembro, diz tradição francesa #boato",boatos.org,2acb0fd2d034cbb5cd92510b71050deac4626590,0,2018-12-02,https://www.boatos.org/brasil/flor-muguet-du-bois-1-dezembro.html
01283983-4d4a-5de6-a331-f2f7849a25c0,-0.203239,0.028127,2,"Bandidos se aproveitam de decisão do STF para empunhar metralhadoras em favela do Rio, mostra vídeo #boato",boatos.org,5c6978d5af614b14e87ba5b4c6541281566b2b09,9,2020-07-22,https://www.boatos.org/entretenimento/bandidos-empunham-metralhadoras-em-favela-no-rj.html
01290e64-6bf8-5729-b853-0974e371a60a,-0.017743,0.441996,4,Um piloto de Airbus A380 evitou um atentado terrorista na Argélia?,e-farsas.com,5188fa32770ab410ac6a3fd59838cc77e8d2e278,13,2019-07-09,https://www.e-farsas.com/um-piloto-de-airbus-a380-evitou-um-atentado-terrorista-na-argelia.html
012947ee-5463-5d37-a47c-8b198528a8dd,-0.117154,0.163520,2,Faber-Castell está dando amostras grátis de lápis de cor em site no WhatsApp #boato,boatos.org,890841ba07b875b117ca7f2ed1299fc58cda7078,2,2019-01-06,https://www.boatos.org/tecnologia/faber-castell-lapis-cor-whatsapp.html
012adc6a-f9a2-577c-98d6-764962609403,-0.294436,-0.219607,1,Clarissa Garotinho erra dados sobre arrecadação e bloqueio de bens de Paes,noticias.uol.com.br,da87d840f63eddf5330d68b73713f2ece8d82442,4,2020-10-26,https://noticias.uol.com.br/confere/ultimas-noticias/2020/10/26/clarissa-garotinho-erra-dados-sobre-arrecadacao-e-bloqueio-de-bens-de-paes.htm
012bd7c4-3d0d-5cac-994a-620fbe36aef4,0.233641,-0.005002,7,Site engana ao afirmar que Anvisa 'confessa ineficácia de máscaras' contra a covid : Projeto Comprova,projetocomprova.com.br,db152cf38e64d4bc141f1422595256134fdb403e,2,2021-08-02,https://projetocomprova.com.br/publicações/site-engana-ao-afirmar-que-anvisa-confessa-ineficacia-de-mascaras-contra-a-covid/
012f3439-4d04-54aa-beaf-1345cc9244b9,-0.243360,-0.055039,3,Editorial do O Globo aponta que Brasil não é mais presidencialista e pede intervenção #boato,boatos.org,1849dff876b0749c1bd4664baf223e4e8334aa4d,7,2019-06-02,https://www.boatos.org/politica/editorial-o-globo-pede-intervencao.html
012fd7ae-bf6b-55be-8e41-9b52b0e85ca7,-0.039381,-0.189297,1,Exames de sangue provaram que Bolsonaro foi envenenado por chumbo?,e-farsas.com,e4cd34cc8f757676aa08e8b565426f8c363b46f7,2,2021-07-17,https://www.e-farsas.com/exames-de-sangue-provaram-que-bolsonaro-foi-envenenado-por-chumbo.html
013012ae-7f63-5c8e-91e9-44d844489164,-0.029414,-0.123321,5,Maju Coutinho é afastada da Globo por causa de briga com Bolsonaro #boato,boatos.org,732060b0233f81af974597852973226dbb8e288d,3,2020-09-13,https://www.boatos.org/entretenimento/maju-coutinho-afastada-globo-causa-briga-bolsonaro.html
013032e0-be09-5a63-abc5-3fea48ea2a47,0.069309,0.184782,6,Cantora gospel Fabiana Anastácio gravou áudio alertando sobre Covid-19 no hospital #boato,boatos.org,ebbb21338984e87f2e7e6efa2d9677a48c4fa912,6,2020-06-06,https://www.boatos.org/religiao/cantora-gospel-fabiana-anastacio-audio-covid-19-hospital.html
0133a18f-16a1-5048-a252-b8e23810a9d5,-0.170965,0.112442,2,Vídeo de tiroteio em Fortaleza foi filmado para série sobre o jogador Tevez,noticias.uol.com.br,191e52e8996db691f4e777e377a7acb61e463b36,0,2019-01-23,https://noticias.uol.com.br/confere/ultimas-noticias/2019/01/23/video-tiroteio-fortaleza-ceara-falso.htm
013719ec-7281-5ed0-b842-8871a2bf92bf,0.466706,-0.115938,0,A ivermectina não se mostrou eficaz na prevenção e tratamento da covid-19,checamos.afp.com,2ec7392892ebd4e0201296a1899809cbf9a40cd7,14,2024-04-17,https://checamos.afp.com//ivermectina-nao-se-mostrou-eficaz-na-prevencao-e-tratamento-da-covid-19
01384bf9-fa9a-551d-86c5-bce4d4fdc1dc,0.344057,-0.026781,0,EUA: Tabela com risco de transmissão de covid não foi divulgada por governo,noticias.uol.com.br,5d83c4a253247d842eb048e00c09adbfb8e3a5d9,13,2020-06-17,https://noticias.uol.com.br/comprova/ultimas-noticias/2020/06/17/eua-tabela-com-risco-de-transmissao-de-covid-nao-foi-divulgada-por-governo.htm
0139d7a6-f234-55b0-8e7b-9b534ea4b804,-0.127482,0.040666,2,"Vladimir Putin faz discurso contra a ideologia de gênero, nova ordem mundial e homossexualismo #boato",boatos.org,d0b0c05920a0588853430df435aebe7062cf3437,0,2020-01-14,https://www.boatos.org/mundo/vladimir-putin-discurso-contra-ideologia-de-genero-nova-ordem-mundial-homossexualismo.html
0139dc02-26fb-5f5a-bd19-2fd669f33708,-0.198466,-0.247689,1,Veja o que é #FATO ou #FAKE nas declarações dos candidatos à Prefeitura do Rio na 4ª semana de campanha | G1,g1.globo.com,14db768b012449b1825c09d0e99d23e7dfafdb10,34,2020-10-23,https://g1.globo.com/fato-ou-fake/noticia/2020/10/23/veja-o-que-e-fato-ou-fake-nas-declaracoes-dos-candidatos-a-prefeitura-do-rio-na-4a-semana-de-campanha.ghtml
013a79b8-5fce-5619-ae8b-dc291b1cbbae,0.334017,-0.136469,0,Vacina que teve estudos suspensos no Peru não é a mesma testada no Brasil : Projeto Comprova,projetocomprova.com.br,00c755dfad18ef84154900afbad4a678e089e0f9,6,2020-12-15,https://projetocomprova.com.br/publicações/vacina-que-teve-estudos-suspensos-no-peru-nao-e-a-mesma-testada-no-brasil/
013a7b02-a266-567e-9297-3136c07dc923,0.422612,-0.234736,0,Estudo da USP analisa eficácia da colchicina contra a covid-19 e não da hidroxicloroquina : Projeto Comprova,projetocomprova.com.br,6c8082f8e11e3da9495ea7bb0ce9780f7a60511f,17,2020-10-07,https://projetocomprova.com.br/publicações/estudo-da-usp-analisa-eficacia-da-colchicina-contra-a-covid-19-e-nao-da-hidroxicloroquina/
013bb7ae-804a-56c5-8313-6db5375c31ee,-0.262820,-0.038480,3,"Foto de Maia, Alcolumbre e Toffoli é usada em fake news com prefeito de NY",noticias.uol.com.br,337d11e7846180518ca000e1db8eee68587843b6,2,2019-05-28,https://noticias.uol.com.br/confere/ultimas-noticias/2019/05/28/foto-de-maia-alcolumbre-e-toffoli-e-usada-em-fake-news-com-prefeito-de-ny.htm
013cdbfb-1453-5ff3-b916-44ff7876acd4,0.313115,-0.157679,0,Médica cita estudos não conclusivos para sugerir conspiração contra cloroquina : Projeto Comprova,projetocomprova.com.br,4f1932646a7501f57d45eed7b22d783165ae6ebf,19,2020-10-07,https://projetocomprova.com.br/publicações/medica-cita-estudos-nao-conclusivos-para-sugerir-conspiracao-contra-cloroquina/
013d9ca4-a2fa-50d3-8ccc-7bca5ce0e9b3,0.117815,0.126449,7,Vídeo de corpos no chão de um hospital é prova de um plano de extermínio e venda de órgãos! Será?,e-farsas.com,bd8ca65eb220410b9705e42929eb07a15002ef63,0,2021-01-28,https://www.e-farsas.com/video-de-corpos-no-chao-de-um-hospital-e-prova-de-um-plano-de-exterminio-e-venda-de-orgaos-sera.html
0140f367-f81b-53ad-8f63-8965208ff6b3,-0.293344,-0.079269,3,Correios estão boicotando Bolsonaro e criação do partido Aliança Pelo Brasil #boato,boatos.org,27963658e06728b14aa1b90848dfe36d975d2b46,16,2020-01-22,https://www.boatos.org/politica/correios-boicotando-bolsonaro-partido-alianca-pelo-brasil.html
014384b1-40fd-5a8b-9222-820ffe9f8f82,0.047934,0.110987,6,É #FAKE que novo verme chamado Simla Mirch esteja contaminando pimentões no Brasil | G1,g1.globo.com,fe27d695eeede042e79146895d06e536f77747a1,2,2019-08-26,https://g1.globo.com/fato-ou-fake/noticia/2019/08/26/e-fake-que-novo-verme-chamado-simla-mirch-esteja-contaminando-pimentoes.ghtml
0143c707-6082-5b4d-8e99-2ead2c940d11,-0.277996,-0.080123,3,É #FAKE que Moro fez post dizendo admirar 'sapiência e prudência' de Rodrigo Maia | G1,g1.globo.com,42f73bf772238c7ac793740ffd4c0a2458a692e4,2,2020-04-27,https://g1.globo.com/fato-ou-fake/noticia/2020/04/27/e-fake-que-moro-fez-post-dizendo-admirar-sapiencia-e-prudencia-de-rodrigo-maia.ghtml
0145ba66-c0eb-5d2c-861b-0fd2fdbcc27a,-0.203269,0.088735,2,Retire sua camiseta Lula Livre ao compartilhar link de site no WhatsApp #boato,boatos.org,d2984374eabf4d566bedad525ec625ff72ad291a,3,2019-11-16,https://www.boatos.org/tecnologia/retire-camiseta-lula-livre-compartilhar-link-whatsapp.html
01462579-2f75-5c34-99a1-3488ad78731b,-0.202059,-0.360757,1,É enganoso que Bolsonaro tenha liberado R$ 8 bilhões para a educação,noticias.uol.com.br,dc9f7670674e115cb590a77bccae765e67c4ffbf,12,2019-10-15,https://noticias.uol.com.br/comprova/ultimas-noticias/2019/10/15/e-enganoso-que-bolsonaro-tenha-liberado-r-8-bilhoes-para-a-educacao.htm
01462e50-963b-5ffd-930b-82e68e5cc6c4,-0.143346,-0.008979,3,Polícia do Ceará atira em surfistas na praia do Futuro a mando de Camilo Santana #boato,boatos.org,c998c33f0d71274c81c5834e7a2656c1cb8ab887,2,2020-05-29,https://www.boatos.org/brasil/policia-ceara-atira-surfistas-praia-futuro-camilo-santana.html
0147825b-d45d-5c8a-906e-6d5e89597f9c,-0.214513,0.000494,3,É falso que trilha sonora da ginasta Rebeca Andrade na Olimpíada seja homenagem a Bolsonaro : Projeto Comprova,projetocomprova.com.br,eb269d03ce98097cc2c1a992d172ad5d13e2a64c,17,2021-07-30,https://projetocomprova.com.br/publicações/e-falso-que-trilha-sonora-da-ginasta-rebeca-andrade-na-olimpiada-seja-homenagem-a-bolsonaro/
0147b4ca-1254-5d71-ba7a-5c7dc967760e,0.152361,-0.039790,5,Os 70 dias do Comprova na checagem de informações duvidosas sobre covid-19,noticias.uol.com.br,661924547d9a4d92e9d969efed2aa4af3437931b,24,2020-06-16,https://noticias.uol.com.br/comprova/ultimas-noticias/2020/06/16/os-70-dias-do-comprova-na-checagem-de-informacoes-duvidosas-sobre-a-covid.htm
01488c0d-aa0d-527b-a477-a42997f87504,0.136021,0.072536,7,Vídeo que alerta sobre a importação de máscaras contaminadas é montagem : Projeto Comprova,projetocomprova.com.br,c7ff3be945a49d3758ab8e85849a49450fb18449,6,2021-03-05,https://projetocomprova.com.br/publicações/video-que-alerta-sobre-a-importacao-de-mascaras-contaminadas-e-montagem/
014895ae-f028-5bbc-b74d-4086dca42df7,0.292864,-0.019108,0,É #FAKE que Holanda reduziu mortes pela Covid-19 mesmo sem isolamento social | G1,g1.globo.com,09d2b8e64b191c24595f84e6ecf0ad2f9df5d8a4,3,2020-04-01,https://g1.globo.com/fato-ou-fake/noticia/2020/04/01/e-fake-que-holanda-reduziu-mortes-pela-covid-19-mesmo-sem-isolamento-social.ghtml
01490ef2-a075-5502-9351-ae86d7c52be0,0.233780,-0.071321,0,Site engana ao afirmar que Anvisa 'confessa ineficácia de máscaras' contra a covid : Projeto Comprova,projetocomprova.com.br,db152cf38e64d4bc141f1422595256134fdb403e,11,2021-08-02,https://projetocomprova.com.br/publicações/site-engana-ao-afirmar-que-anvisa-confessa-ineficacia-de-mascaras-contra-a-covid/
01492310-1dc3-51e3-b121-6789592787dd,-0.121073,0.108082,2,Aplicativo de delivery iFood processa garota de programa de Salvador #boato,boatos.org,ae76a909ca3468630a32d518daf20e948104d119,0,2020-07-07,https://www.boatos.org/tecnologia/aplicativo-delivery-ifood-processa-garota-programa-salvador.html
01495753-412c-5d82-ac1b-a31a35a0a4e0,0.413655,-0.185984,0,Segundas doses servem de reforço e são comuns em programas de vacinação : Projeto Comprova,projetocomprova.com.br,cd34ebd5f89748d83d02dd7bef493ebf2c31149f,17,2021-06-22,https://projetocomprova.com.br/publicações/segunda-dose-da-coronavac-nao-esta-relacionada-a-taxa-de-eficacia-da-vacina/
014a9c02-34e4-5289-9415-627648a02a40,-0.288375,0.078769,2,Falcão tirou Mário Quintana das ruas após poeta ser despejado #boato,boatos.org,4b358039ac99cd4ff139af8a8b9c653f442c9aad,2,2020-10-14,https://www.boatos.org/esporte/falcao-mario-quintana-despejado-de-hotel.html
014cde15-d5ca-542d-b90e-0085484bae28,0.161628,0.198365,7,Não há evidências que liguem morte de menina alemã ao uso de máscaras,noticias.uol.com.br,adb1e9fef45676e5cdb38838833321c7258450b3,33,2020-09-22,https://noticias.uol.com.br/comprova/ultimas-noticias/2020/09/22/nao-ha-evidencias-que-liguem-morte-de-menina-alema-ao-uso-de-mascaras.htm
014d7d94-b584-5ec6-95ed-d6ff9cc1b099,-0.153377,0.147472,2,O Boticário está dando kits de perfumes em comemoração ao seu aniversário #boato,boatos.org,20fb322470e354af1ee0b7fb604798052faf9fa6,5,2019-10-25,https://www.boatos.org/tecnologia/o-boticario-kits-de-perfumes-comemoracao-aniversario.html
014e3803-62b4-5d4b-a7dc-9811f8257057,0.359474,-0.061618,0,Post engana ao afirmar que CDC e Fauci não acreditam na eficácia das vacinas : Projeto Comprova,projetocomprova.com.br,4aa69f07d208b4bc5053d1c658037097651f2b4a,10,2021-08-12,https://projetocomprova.com.br/publicações/post-engana-ao-afirmar-que-cdc-e-fauci-nao-acreditam-na-eficacia-das-vacinas/
014e8098-a3f7-5e9b-b401-f98f6b743267,-0.263681,-0.014461,3,"Túlio Gadêlha, namorado de Fátima Bernardes, ganhou carteira da OAB sem fazer prova #boato",boatos.org,c14ae54f99f40284a95b0fe949396e182bab8f7b,9,2019-01-08,https://www.boatos.org/politica/tulio-gadelha-registro-oab-exame.html
014f1b7d-5ba4-5571-a144-29a2290b99bf,-0.130083,0.233197,4,Fato ou Fake: 5 dicas de como checar uma mensagem falsa | G1,g1.globo.com,6dbdffa440ec7ecf0715494356539abde5bd883e,11,2019-04-01,https://g1.globo.com/fato-ou-fake/noticia/2019/04/01/fato-ou-fake-5-dicas-de-como-checar-uma-mensagem-falsa.ghtml
014f701e-e02f-5c7b-b0a4-df46ed49475c,0.182762,0.020036,7,"Começar a tomar banho pelos pés não diminui as chances de ataques cardíacos, dizem especialistas",checamos.afp.com,1206469ed246d3832668db250241639c8bece3a4,6,2024-11-29,https://checamos.afp.com//comecar-tomar-banho-pelos-pes-nao-diminui-chances-de-ataques-cardiacos-dizem-especialistas
014ff049-1c31-5208-97ad-57f3e73c29c0,0.097506,0.206143,6,Pastor na Itália reabre igreja com fotos de fiéis que morreram de Covid-19 #boato,boatos.org,fc5dc0da50ebd6f87c9cdd84ac8f05cc3647d945,0,2020-06-22,https://www.boatos.org/religiao/pastor-italia-reabre-igreja-fotos-de-fieis-morreram-covid-19.html
0151ca15-0b80-5b53-9a0f-45d34ba7ed99,0.190370,0.036840,7,É falsa a corrente que diz que Xangai e Pequim não tiveram casos de coronavírus : Projeto Comprova,projetocomprova.com.br,bb0a8dab181a6e5ad73dd7a406d6092bc8db82b7,7,2021-03-05,https://projetocomprova.com.br/publicações/e-falsa-a-corrente-que-diz-que-xangai-e-pequim-nao-tiveram-casos-de-coronavirus/
01520dd8-2b54-53c2-b52f-20c097548ca7,-0.024500,0.008717,6,Supermercado Guanabara vai fechar de 16/03 a 20/03 por causa do coronavírus #boato,boatos.org,90acdfeb92e857aa15cec6afe2a659422fe10b20,2,2020-03-14,https://www.boatos.org/brasil/supermercado-guanabara-fechar16-03-a-20-03-coronavirus.html
015281a2-284f-5f88-bd08-12fcb8337e68,0.246321,0.050262,7,Não há comprovação de que vacina da Pfizer tenha causado paralisia de Bell em voluntários : Projeto Comprova,projetocomprova.com.br,be4fe2429a2344e6f63f3fc6b7918c7d77c5a2e5,0,2020-12-17,https://projetocomprova.com.br/publicações/nao-ha-comprovacao-de-que-vacina-da-pfizer-tenha-causado-paralisia-de-bell-em-voluntarios/
0152c136-b504-5ea5-9d1e-8fa6f3baea14,0.044996,0.034088,6,Fernanda Torres disse que torce para que o coronavírus mate muitos brasileiros #boato,boatos.org,7e8c860c2729cb0a902dce64fd52fa99cde67650,3,2020-03-29,https://www.boatos.org/entretenimento/fernanda-torres-torce-coronavirus-mate-muitos-brasileiros.html
0152d73d-2a80-57d0-bdcd-29255221ee1e,-0.170995,0.150664,2,Vídeo mostra golpe do cartão Itaú Personalité que passou no Fantástico #boato,boatos.org,be515c27e6e3f2e23a0efd4484b3916988b76190,7,2021-06-02,https://www.boatos.org/brasil/video-mostra-golpe-cartao-itau-personalite-passou-no-fantastico.html
0154d314-ea1a-5b6c-86ec-7bd560a78d8b,-0.126710,-0.204069,1,Post engana ao afirmar que preço do gás só não caiu significativamente por causa dos governadores : Projeto Comprova,projetocomprova.com.br,4ce9326a617f7b86dde47a7b1cf20edcd3661be2,10,2021-06-30,https://projetocomprova.com.br/publicações/post-engana-ao-afirmar-que-preco-do-gas-so-nao-caiu-significativamente-por-causa-dos-governadores/
01550dad-765e-5f6a-b7ac-d0e0cb9b0fe2,-0.191409,-0.342614,1,É verdade que Bolsonaro desviou R$ 606 bilhões da Previdência?,e-farsas.com,2b3c88d09a1f9902ba71e173c14fc2e3301b4957,3,2019-02-14,https://www.e-farsas.com/e-verdade-que-bolsonaro-desviou-r-606-bilhoes-da-previdencia.html
